Div,Team ID,Team,Opp ID,Opp,Date,Location
FBS,721,Air Force,153,Colgate,8/31/2013,Home
FBS,721,Air Force,731,Utah St.,9/7/2013,Home
FBS,721,Air Force,66,Boise St.,9/13/2013,Away
FBS,721,Air Force,811,Wyoming,9/21/2013,Home
FBS,721,Air Force,466,Nevada,9/28/2013,Away
FBS,721,Air Force,726,Navy,10/5/2013,Away
FBS,721,Air Force,626,San Diego St.,10/10/2013,Home
FBS,721,Air Force,513,Notre Dame,10/26/2013,Home
FBS,721,Air Force,725,Army,11/2/2013,Home
FBS,721,Air Force,473,New Mexico,11/8/2013,Away
FBS,721,Air Force,465,UNLV,11/21/2013,Home
FBS,721,Air Force,156,Colorado St.,11/30/2013,Away
FBS,5,Akron,128,UCF,8/29/2013,Away
FBS,5,Akron,317,James Madison,9/7/2013,Home
FBS,5,Akron,418,Michigan,9/14/2013,Away
FBS,5,Akron,671,La.-Lafayette,9/21/2013,Home
FBS,5,Akron,71,Bowling Green,9/28/2013,Away
FBS,5,Akron,519,Ohio,10/5/2013,Home
FBS,5,Akron,503,Northern Ill.,10/12/2013,Away
FBS,5,Akron,414,Miami (OH),10/19/2013,Away
FBS,5,Akron,47,Ball St.,10/26/2013,Home
FBS,5,Akron,331,Kent St.,11/2/2013,Home
FBS,5,Akron,400,Massachusetts,11/16/2013,Away
FBS,5,Akron,709,Toledo,11/29/2013,Home
FBS,8,Alabama,742,Virginia Tech,8/31/2013,Neutral
FBS,8,Alabama,697,Texas A&M,9/14/2013,Away
FBS,8,Alabama,156,Colorado St.,9/21/2013,Home
FBS,8,Alabama,433,Ole Miss,9/28/2013,Home
FBS,8,Alabama,254,Georgia St.,10/5/2013,Home
FBS,8,Alabama,334,Kentucky,10/12/2013,Away
FBS,8,Alabama,31,Arkansas,10/19/2013,Home
FBS,8,Alabama,694,Tennessee,10/26/2013,Home
FBS,8,Alabama,365,LSU,11/9/2013,Home
FBS,8,Alabama,430,Mississippi St.,11/16/2013,Away
FBS,8,Alabama,693,Chattanooga,11/23/2013,Home
FBS,8,Alabama,37,Auburn,11/30/2013,Away
FBS,29,Arizona,501,Northern Ariz.,8/30/2013,Home
FBS,29,Arizona,465,UNLV,9/7/2013,Away
FBS,29,Arizona,706,UTSA,9/14/2013,Home
FBS,29,Arizona,756,Washington,9/28/2013,Away
FBS,29,Arizona,657,Southern California,10/10/2013,Away
FBS,29,Arizona,732,Utah,10/19/2013,Home
FBS,29,Arizona,157,Colorado,10/26/2013,Away
FBS,29,Arizona,107,California,11/2/2013,Away
FBS,29,Arizona,110,UCLA,11/9/2013,Home
FBS,29,Arizona,754,Washington St.,11/16/2013,Home
FBS,29,Arizona,529,Oregon,11/23/2013,Home
FBS,29,Arizona,28,Arizona St.,11/30/2013,Away
FBS,28,Arizona St.,102,Sacramento St.,9/5/2013,Home
FBS,28,Arizona St.,796,Wisconsin,9/14/2013,Home
FBS,28,Arizona St.,674,Stanford,9/21/2013,Away
FBS,28,Arizona St.,657,Southern California,9/28/2013,Home
FBS,28,Arizona St.,513,Notre Dame,10/5/2013,Neutral
FBS,28,Arizona St.,157,Colorado,10/12/2013,Home
FBS,28,Arizona St.,756,Washington,10/19/2013,Home
FBS,28,Arizona St.,754,Washington St.,10/31/2013,Away
FBS,28,Arizona St.,732,Utah,11/9/2013,Away
FBS,28,Arizona St.,528,Oregon St.,11/16/2013,Home
FBS,28,Arizona St.,110,UCLA,11/23/2013,Away
FBS,28,Arizona St.,29,Arizona,11/30/2013,Home
FBS,31,Arkansas,671,La.-Lafayette,8/31/2013,Home
FBS,31,Arkansas,625,Samford,9/7/2013,Home
FBS,31,Arkansas,664,Southern Miss.,9/14/2013,Home
FBS,31,Arkansas,587,Rutgers,9/21/2013,Away
FBS,31,Arkansas,697,Texas A&M,9/28/2013,Home
FBS,31,Arkansas,235,Florida,10/5/2013,Away
FBS,31,Arkansas,648,South Carolina,10/12/2013,Home
FBS,31,Arkansas,8,Alabama,10/19/2013,Away
FBS,31,Arkansas,37,Auburn,11/2/2013,Home
FBS,31,Arkansas,433,Ole Miss,11/9/2013,Away
FBS,31,Arkansas,430,Mississippi St.,11/23/2013,Home
FBS,31,Arkansas,365,LSU,11/29/2013,Away
FBS,30,Arkansas St.,2678,Ark.-Pine Bluff,8/31/2013,Home
FBS,30,Arkansas St.,37,Auburn,9/7/2013,Away
FBS,30,Arkansas St.,716,Troy,9/12/2013,Home
FBS,30,Arkansas St.,404,Memphis,9/21/2013,Away
FBS,30,Arkansas St.,434,Missouri,9/28/2013,Away
FBS,30,Arkansas St.,295,Idaho,10/12/2013,Home
FBS,30,Arkansas St.,671,La.-Lafayette,10/22/2013,Home
FBS,30,Arkansas St.,646,South Ala.,11/2/2013,Away
FBS,30,Arkansas St.,498,La.-Monroe,11/9/2013,Away
FBS,30,Arkansas St.,670,Texas St.,11/16/2013,Home
FBS,30,Arkansas St.,254,Georgia St.,11/23/2013,Home
FBS,30,Arkansas St.,772,Western Ky.,11/30/2013,Away
FBS,725,Army,446,Morgan St.,8/30/2013,Home
FBS,725,Army,47,Ball St.,9/7/2013,Away
FBS,725,Army,674,Stanford,9/14/2013,Home
FBS,725,Army,749,Wake Forest,9/21/2013,Home
FBS,725,Army,366,Louisiana Tech,9/28/2013,Neutral
FBS,725,Army,67,Boston College,10/5/2013,Away
FBS,725,Army,204,Eastern Mich.,10/12/2013,Home
FBS,725,Army,690,Temple,10/19/2013,Away
FBS,725,Army,721,Air Force,11/2/2013,Away
FBS,725,Army,772,Western Ky.,11/9/2013,Home
FBS,725,Army,277,Hawaii,11/30/2013,Away
FBS,725,Army,726,Navy,12/14/2013,Neutral
FBS,37,Auburn,754,Washington St.,8/31/2013,Home
FBS,37,Auburn,30,Arkansas St.,9/7/2013,Home
FBS,37,Auburn,430,Mississippi St.,9/14/2013,Home
FBS,37,Auburn,365,LSU,9/21/2013,Away
FBS,37,Auburn,433,Ole Miss,10/5/2013,Home
FBS,37,Auburn,769,Western Caro.,10/12/2013,Home
FBS,37,Auburn,697,Texas A&M,10/19/2013,Away
FBS,37,Auburn,229,Fla. Atlantic,10/26/2013,Home
FBS,37,Auburn,31,Arkansas,11/2/2013,Away
FBS,37,Auburn,694,Tennessee,11/9/2013,Away
FBS,37,Auburn,257,Georgia,11/16/2013,Home
FBS,37,Auburn,8,Alabama,11/30/2013,Home
FBS,77,BYU,746,Virginia,8/31/2013,Away
FBS,77,BYU,703,Texas,9/7/2013,Home
FBS,77,BYU,732,Utah,9/21/2013,Home
FBS,77,BYU,419,Middle Tenn.,9/27/2013,Home
FBS,77,BYU,731,Utah St.,10/4/2013,Away
FBS,77,BYU,255,Georgia Tech,10/12/2013,Home
FBS,77,BYU,288,Houston,10/19/2013,Away
FBS,77,BYU,66,Boise St.,10/25/2013,Home
FBS,77,BYU,796,Wisconsin,11/9/2013,Away
FBS,77,BYU,294,Idaho St.,11/16/2013,Home
FBS,77,BYU,513,Notre Dame,11/23/2013,Away
FBS,77,BYU,466,Nevada,11/30/2013,Away
FBS,47,Ball St.,299,Illinois St.,8/29/2013,Home
FBS,47,Ball St.,725,Army,9/7/2013,Home
FBS,47,Ball St.,497,North Texas,9/14/2013,Away
FBS,47,Ball St.,204,Eastern Mich.,9/21/2013,Away
FBS,47,Ball St.,709,Toledo,9/28/2013,Home
FBS,47,Ball St.,746,Virginia,10/5/2013,Away
FBS,47,Ball St.,331,Kent St.,10/12/2013,Home
FBS,47,Ball St.,774,Western Mich.,10/19/2013,Away
FBS,47,Ball St.,5,Akron,10/26/2013,Away
FBS,47,Ball St.,129,Central Mich.,11/6/2013,Home
FBS,47,Ball St.,503,Northern Ill.,11/13/2013,Away
FBS,47,Ball St.,414,Miami (OH),11/29/2013,Home
FBS,51,Baylor,2915,Wofford,8/31/2013,Home
FBS,51,Baylor,86,Buffalo,9/7/2013,Home
FBS,51,Baylor,498,La.-Monroe,9/21/2013,Home
FBS,51,Baylor,768,West Virginia,10/5/2013,Home
FBS,51,Baylor,327,Kansas St.,10/12/2013,Away
FBS,51,Baylor,311,Iowa St.,10/19/2013,Home
FBS,51,Baylor,328,Kansas,10/26/2013,Away
FBS,51,Baylor,522,Oklahoma,11/7/2013,Home
FBS,51,Baylor,700,Texas Tech,11/16/2013,Neutral
FBS,51,Baylor,521,Oklahoma St.,11/23/2013,Away
FBS,51,Baylor,698,TCU,11/30/2013,Away
FBS,51,Baylor,703,Texas,12/7/2013,Home
FBS,66,Boise St.,756,Washington,8/31/2013,Away
FBS,66,Boise St.,695,UT Martin,9/7/2013,Home
FBS,66,Boise St.,721,Air Force,9/13/2013,Home
FBS,66,Boise St.,96,Fresno St.,9/20/2013,Away
FBS,66,Boise St.,664,Southern Miss.,9/28/2013,Home
FBS,66,Boise St.,731,Utah St.,10/12/2013,Away
FBS,66,Boise St.,466,Nevada,10/19/2013,Home
FBS,66,Boise St.,77,BYU,10/25/2013,Away
FBS,66,Boise St.,156,Colorado St.,11/2/2013,Away
FBS,66,Boise St.,811,Wyoming,11/16/2013,Home
FBS,66,Boise St.,626,San Diego St.,11/23/2013,Away
FBS,66,Boise St.,473,New Mexico,11/30/2013,Home
FBS,67,Boston College,739,Villanova,8/31/2013,Home
FBS,67,Boston College,749,Wake Forest,9/6/2013,Home
FBS,67,Boston College,657,Southern California,9/14/2013,Away
FBS,67,Boston College,234,Florida St.,9/28/2013,Home
FBS,67,Boston College,725,Army,10/5/2013,Home
FBS,67,Boston College,147,Clemson,10/12/2013,Away
FBS,67,Boston College,457,North Carolina,10/26/2013,Away
FBS,67,Boston College,742,Virginia Tech,11/2/2013,Home
FBS,67,Boston College,472,New Mexico St.,11/9/2013,Away
FBS,67,Boston College,490,North Carolina St.,11/16/2013,Home
FBS,67,Boston College,392,Maryland,11/23/2013,Away
FBS,67,Boston College,688,Syracuse,11/30/2013,Away
FBS,71,Bowling Green,719,Tulsa,8/29/2013,Home
FBS,71,Bowling Green,331,Kent St.,9/7/2013,Away
FBS,71,Bowling Green,306,Indiana,9/14/2013,Away
FBS,71,Bowling Green,454,Murray St.,9/21/2013,Home
FBS,71,Bowling Green,5,Akron,9/28/2013,Home
FBS,71,Bowling Green,400,Massachusetts,10/5/2013,Home
FBS,71,Bowling Green,430,Mississippi St.,10/12/2013,Away
FBS,71,Bowling Green,709,Toledo,10/26/2013,Home
FBS,71,Bowling Green,414,Miami (OH),11/5/2013,Away
FBS,71,Bowling Green,519,Ohio,11/12/2013,Home
FBS,71,Bowling Green,204,Eastern Mich.,11/23/2013,Away
FBS,71,Bowling Green,86,Buffalo,11/29/2013,Away
FBS,86,Buffalo,518,Ohio St.,8/31/2013,Away
FBS,86,Buffalo,51,Baylor,9/7/2013,Away
FBS,86,Buffalo,683,Stony Brook,9/14/2013,Home
FBS,86,Buffalo,164,Connecticut,9/28/2013,Home
FBS,86,Buffalo,204,Eastern Mich.,10/5/2013,Home
FBS,86,Buffalo,774,Western Mich.,10/12/2013,Away
FBS,86,Buffalo,400,Massachusetts,10/19/2013,Home
FBS,86,Buffalo,331,Kent St.,10/26/2013,Away
FBS,86,Buffalo,519,Ohio,11/5/2013,Home
FBS,86,Buffalo,709,Toledo,11/12/2013,Away
FBS,86,Buffalo,414,Miami (OH),11/19/2013,Away
FBS,86,Buffalo,71,Bowling Green,11/29/2013,Home
FBS,107,California,509,Northwestern,8/31/2013,Home
FBS,107,California,550,Portland St.,9/7/2013,Home
FBS,107,California,518,Ohio St.,9/14/2013,Home
FBS,107,California,529,Oregon,9/28/2013,Away
FBS,107,California,754,Washington St.,10/5/2013,Home
FBS,107,California,110,UCLA,10/12/2013,Away
FBS,107,California,528,Oregon St.,10/19/2013,Home
FBS,107,California,756,Washington,10/26/2013,Away
FBS,107,California,29,Arizona,11/2/2013,Home
FBS,107,California,657,Southern California,11/9/2013,Home
FBS,107,California,157,Colorado,11/16/2013,Away
FBS,107,California,674,Stanford,11/23/2013,Away
FBS,129,Central Mich.,418,Michigan,8/31/2013,Away
FBS,129,Central Mich.,469,New Hampshire,9/7/2013,Home
FBS,129,Central Mich.,465,UNLV,9/14/2013,Away
FBS,129,Central Mich.,709,Toledo,9/21/2013,Home
FBS,129,Central Mich.,490,North Carolina St.,9/28/2013,Away
FBS,129,Central Mich.,414,Miami (OH),10/5/2013,Away
FBS,129,Central Mich.,519,Ohio,10/12/2013,Away
FBS,129,Central Mich.,503,Northern Ill.,10/19/2013,Home
FBS,129,Central Mich.,47,Ball St.,11/6/2013,Away
FBS,129,Central Mich.,774,Western Mich.,11/16/2013,Away
FBS,129,Central Mich.,400,Massachusetts,11/23/2013,Home
FBS,129,Central Mich.,204,Eastern Mich.,11/29/2013,Home
FBS,140,Cincinnati,559,Purdue,8/31/2013,Home
FBS,140,Cincinnati,301,Illinois,9/7/2013,Away
FBS,140,Cincinnati,508,Northwestern St.,9/14/2013,Home
FBS,140,Cincinnati,414,Miami (OH),9/21/2013,Away
FBS,140,Cincinnati,651,South Fla.,10/5/2013,Away
FBS,140,Cincinnati,690,Temple,10/11/2013,Home
FBS,140,Cincinnati,164,Connecticut,10/19/2013,Home
FBS,140,Cincinnati,404,Memphis,10/30/2013,Away
FBS,140,Cincinnati,663,SMU,11/9/2013,Home
FBS,140,Cincinnati,587,Rutgers,11/16/2013,Away
FBS,140,Cincinnati,288,Houston,11/23/2013,Away
FBS,140,Cincinnati,367,Louisville,12/5/2013,Home
FBS,147,Clemson,257,Georgia,8/31/2013,Home
FBS,147,Clemson,647,South Carolina St.,9/7/2013,Home
FBS,147,Clemson,490,North Carolina St.,9/19/2013,Away
FBS,147,Clemson,749,Wake Forest,9/28/2013,Home
FBS,147,Clemson,688,Syracuse,10/5/2013,Away
FBS,147,Clemson,67,Boston College,10/12/2013,Home
FBS,147,Clemson,234,Florida St.,10/19/2013,Home
FBS,147,Clemson,392,Maryland,10/26/2013,Away
FBS,147,Clemson,746,Virginia,11/2/2013,Away
FBS,147,Clemson,255,Georgia Tech,11/14/2013,Home
FBS,147,Clemson,141,Citadel,11/23/2013,Home
FBS,147,Clemson,648,South Carolina,11/30/2013,Away
FBS,157,Colorado,156,Colorado St.,9/1/2013,Neutral
FBS,157,Colorado,1004,Central Ark.,9/7/2013,Home
FBS,157,Colorado,96,Fresno St.,9/14/2013,Home
FBS,157,Colorado,528,Oregon St.,9/28/2013,Away
FBS,157,Colorado,529,Oregon,10/5/2013,Home
FBS,157,Colorado,28,Arizona St.,10/12/2013,Away
FBS,157,Colorado,29,Arizona,10/26/2013,Home
FBS,157,Colorado,110,UCLA,11/2/2013,Away
FBS,157,Colorado,756,Washington,11/9/2013,Away
FBS,157,Colorado,107,California,11/16/2013,Home
FBS,157,Colorado,657,Southern California,11/23/2013,Home
FBS,157,Colorado,732,Utah,11/30/2013,Away
FBS,156,Colorado St.,157,Colorado,9/1/2013,Neutral
FBS,156,Colorado St.,719,Tulsa,9/7/2013,Away
FBS,156,Colorado St.,90,Cal Poly,9/14/2013,Home
FBS,156,Colorado St.,8,Alabama,9/21/2013,Away
FBS,156,Colorado St.,704,UTEP,9/28/2013,Home
FBS,156,Colorado St.,630,San Jose St.,10/12/2013,Home
FBS,156,Colorado St.,811,Wyoming,10/19/2013,Away
FBS,156,Colorado St.,277,Hawaii,10/26/2013,Away
FBS,156,Colorado St.,66,Boise St.,11/2/2013,Home
FBS,156,Colorado St.,466,Nevada,11/9/2013,Home
FBS,156,Colorado St.,473,New Mexico,11/16/2013,Away
FBS,156,Colorado St.,731,Utah St.,11/23/2013,Away
FBS,156,Colorado St.,721,Air Force,11/30/2013,Home
FBS,164,Connecticut,711,Towson,8/29/2013,Home
FBS,164,Connecticut,392,Maryland,9/14/2013,Home
FBS,164,Connecticut,418,Michigan,9/21/2013,Home
FBS,164,Connecticut,86,Buffalo,9/28/2013,Away
FBS,164,Connecticut,651,South Fla.,10/12/2013,Home
FBS,164,Connecticut,140,Cincinnati,10/19/2013,Away
FBS,164,Connecticut,128,UCF,10/26/2013,Away
FBS,164,Connecticut,367,Louisville,11/8/2013,Home
FBS,164,Connecticut,663,SMU,11/16/2013,Away
FBS,164,Connecticut,690,Temple,11/23/2013,Away
FBS,164,Connecticut,587,Rutgers,11/30/2013,Home
FBS,164,Connecticut,404,Memphis,12/7/2013,Home
FBS,193,Duke,489,N.C. Central,8/31/2013,Home
FBS,193,Duke,404,Memphis,9/7/2013,Away
FBS,193,Duke,255,Georgia Tech,9/14/2013,Home
FBS,193,Duke,545,Pittsburgh,9/21/2013,Home
FBS,193,Duke,716,Troy,9/28/2013,Home
FBS,193,Duke,726,Navy,10/12/2013,Home
FBS,193,Duke,746,Virginia,10/19/2013,Away
FBS,193,Duke,742,Virginia Tech,10/26/2013,Away
FBS,193,Duke,490,North Carolina St.,11/9/2013,Home
FBS,193,Duke,415,Miami (FL),11/16/2013,Home
FBS,193,Duke,749,Wake Forest,11/23/2013,Away
FBS,193,Duke,457,North Carolina,11/30/2013,Away
FBS,196,East Carolina,523,Old Dominion,8/31/2013,Home
FBS,196,East Carolina,229,Fla. Atlantic,9/5/2013,Home
FBS,196,East Carolina,742,Virginia Tech,9/14/2013,Home
FBS,196,East Carolina,457,North Carolina,9/28/2013,Away
FBS,196,East Carolina,419,Middle Tenn.,10/5/2013,Away
FBS,196,East Carolina,718,Tulane,10/12/2013,Away
FBS,196,East Carolina,664,Southern Miss.,10/19/2013,Home
FBS,196,East Carolina,231,FIU,11/2/2013,Away
FBS,196,East Carolina,719,Tulsa,11/9/2013,Home
FBS,196,East Carolina,9,UAB,11/16/2013,Home
FBS,196,East Carolina,490,North Carolina St.,11/23/2013,Away
FBS,196,East Carolina,388,Marshall,11/29/2013,Away
FBS,204,Eastern Mich.,290,Howard,8/31/2013,Home
FBS,204,Eastern Mich.,539,Penn St.,9/7/2013,Away
FBS,204,Eastern Mich.,587,Rutgers,9/14/2013,Away
FBS,204,Eastern Mich.,47,Ball St.,9/21/2013,Home
FBS,204,Eastern Mich.,86,Buffalo,10/5/2013,Away
FBS,204,Eastern Mich.,725,Army,10/12/2013,Away
FBS,204,Eastern Mich.,519,Ohio,10/19/2013,Home
FBS,204,Eastern Mich.,503,Northern Ill.,10/26/2013,Away
FBS,204,Eastern Mich.,709,Toledo,11/2/2013,Away
FBS,204,Eastern Mich.,774,Western Mich.,11/9/2013,Home
FBS,204,Eastern Mich.,71,Bowling Green,11/23/2013,Home
FBS,204,Eastern Mich.,129,Central Mich.,11/29/2013,Away
FBS,231,FIU,392,Maryland,8/31/2013,Away
FBS,231,FIU,128,UCF,9/6/2013,Home
FBS,231,FIU,61,Bethune-Cookman,9/14/2013,Home
FBS,231,FIU,367,Louisville,9/21/2013,Away
FBS,231,FIU,664,Southern Miss.,10/5/2013,Away
FBS,231,FIU,9,UAB,10/12/2013,Home
FBS,231,FIU,366,Louisiana Tech,10/26/2013,Home
FBS,231,FIU,196,East Carolina,11/2/2013,Home
FBS,231,FIU,419,Middle Tenn.,11/9/2013,Away
FBS,231,FIU,704,UTEP,11/16/2013,Away
FBS,231,FIU,388,Marshall,11/23/2013,Home
FBS,231,FIU,229,Fla. Atlantic,11/29/2013,Away
FBS,229,Fla. Atlantic,415,Miami (FL),8/30/2013,Away
FBS,229,Fla. Atlantic,196,East Carolina,9/5/2013,Away
FBS,229,Fla. Atlantic,651,South Fla.,9/14/2013,Away
FBS,229,Fla. Atlantic,419,Middle Tenn.,9/21/2013,Home
FBS,229,Fla. Atlantic,574,Rice,9/28/2013,Away
FBS,229,Fla. Atlantic,9,UAB,10/5/2013,Away
FBS,229,Fla. Atlantic,388,Marshall,10/12/2013,Home
FBS,229,Fla. Atlantic,37,Auburn,10/26/2013,Away
FBS,229,Fla. Atlantic,718,Tulane,11/2/2013,Home
FBS,229,Fla. Atlantic,664,Southern Miss.,11/16/2013,Away
FBS,229,Fla. Atlantic,472,New Mexico St.,11/23/2013,Home
FBS,229,Fla. Atlantic,231,FIU,11/29/2013,Home
FBS,235,Florida,709,Toledo,8/31/2013,Home
FBS,235,Florida,415,Miami (FL),9/7/2013,Away
FBS,235,Florida,694,Tennessee,9/21/2013,Home
FBS,235,Florida,334,Kentucky,9/28/2013,Away
FBS,235,Florida,31,Arkansas,10/5/2013,Home
FBS,235,Florida,365,LSU,10/12/2013,Away
FBS,235,Florida,434,Missouri,10/19/2013,Away
FBS,235,Florida,257,Georgia,11/2/2013,Neutral
FBS,235,Florida,736,Vanderbilt,11/9/2013,Home
FBS,235,Florida,648,South Carolina,11/16/2013,Away
FBS,235,Florida,253,Ga. Southern,11/23/2013,Home
FBS,235,Florida,234,Florida St.,11/30/2013,Home
FBS,234,Florida St.,545,Pittsburgh,9/2/2013,Away
FBS,234,Florida St.,466,Nevada,9/14/2013,Home
FBS,234,Florida St.,61,Bethune-Cookman,9/21/2013,Home
FBS,234,Florida St.,67,Boston College,9/28/2013,Away
FBS,234,Florida St.,392,Maryland,10/5/2013,Home
FBS,234,Florida St.,147,Clemson,10/19/2013,Away
FBS,234,Florida St.,490,North Carolina St.,10/26/2013,Home
FBS,234,Florida St.,415,Miami (FL),11/2/2013,Home
FBS,234,Florida St.,749,Wake Forest,11/9/2013,Away
FBS,234,Florida St.,688,Syracuse,11/16/2013,Home
FBS,234,Florida St.,295,Idaho,11/23/2013,Home
FBS,234,Florida St.,235,Florida,11/30/2013,Away
FBS,96,Fresno St.,587,Rutgers,8/29/2013,Home
FBS,96,Fresno St.,90,Cal Poly,9/7/2013,Home
FBS,96,Fresno St.,157,Colorado,9/14/2013,Away
FBS,96,Fresno St.,66,Boise St.,9/20/2013,Home
FBS,96,Fresno St.,277,Hawaii,9/28/2013,Away
FBS,96,Fresno St.,295,Idaho,10/5/2013,Away
FBS,96,Fresno St.,465,UNLV,10/19/2013,Home
FBS,96,Fresno St.,626,San Diego St.,10/26/2013,Away
FBS,96,Fresno St.,466,Nevada,11/2/2013,Home
FBS,96,Fresno St.,811,Wyoming,11/9/2013,Away
FBS,96,Fresno St.,473,New Mexico,11/23/2013,Home
FBS,96,Fresno St.,630,San Jose St.,11/29/2013,Away
FBS,257,Georgia,147,Clemson,8/31/2013,Away
FBS,257,Georgia,648,South Carolina,9/7/2013,Home
FBS,257,Georgia,497,North Texas,9/21/2013,Home
FBS,257,Georgia,365,LSU,9/28/2013,Home
FBS,257,Georgia,694,Tennessee,10/5/2013,Away
FBS,257,Georgia,434,Missouri,10/12/2013,Home
FBS,257,Georgia,736,Vanderbilt,10/19/2013,Away
FBS,257,Georgia,235,Florida,11/2/2013,Neutral
FBS,257,Georgia,27,Appalachian St.,11/9/2013,Home
FBS,257,Georgia,37,Auburn,11/16/2013,Away
FBS,257,Georgia,334,Kentucky,11/23/2013,Home
FBS,257,Georgia,255,Georgia Tech,11/30/2013,Away
FBS,255,Georgia Tech,1068,Elon,8/31/2013,Home
FBS,255,Georgia Tech,193,Duke,9/14/2013,Away
FBS,255,Georgia Tech,457,North Carolina,9/21/2013,Home
FBS,255,Georgia Tech,742,Virginia Tech,9/26/2013,Home
FBS,255,Georgia Tech,415,Miami (FL),10/5/2013,Away
FBS,255,Georgia Tech,77,BYU,10/12/2013,Away
FBS,255,Georgia Tech,688,Syracuse,10/19/2013,Home
FBS,255,Georgia Tech,746,Virginia,10/26/2013,Away
FBS,255,Georgia Tech,545,Pittsburgh,11/2/2013,Home
FBS,255,Georgia Tech,147,Clemson,11/14/2013,Away
FBS,255,Georgia Tech,6,Alabama A&M,11/23/2013,Home
FBS,255,Georgia Tech,257,Georgia,11/30/2013,Home
FBS,277,Hawaii,657,Southern California,8/29/2013,Home
FBS,277,Hawaii,528,Oregon St.,9/7/2013,Away
FBS,277,Hawaii,466,Nevada,9/21/2013,Away
FBS,277,Hawaii,96,Fresno St.,9/28/2013,Home
FBS,277,Hawaii,630,San Jose St.,10/5/2013,Home
FBS,277,Hawaii,465,UNLV,10/12/2013,Away
FBS,277,Hawaii,156,Colorado St.,10/26/2013,Home
FBS,277,Hawaii,731,Utah St.,11/2/2013,Away
FBS,277,Hawaii,726,Navy,11/9/2013,Away
FBS,277,Hawaii,626,San Diego St.,11/16/2013,Home
FBS,277,Hawaii,811,Wyoming,11/23/2013,Away
FBS,277,Hawaii,725,Army,11/30/2013,Home
FBS,288,Houston,665,Southern U.,8/30/2013,Home
FBS,288,Houston,690,Temple,9/7/2013,Away
FBS,288,Houston,574,Rice,9/21/2013,Away
FBS,288,Houston,706,UTSA,9/28/2013,Away
FBS,288,Houston,404,Memphis,10/12/2013,Home
FBS,288,Houston,77,BYU,10/19/2013,Home
FBS,288,Houston,587,Rutgers,10/26/2013,Away
FBS,288,Houston,651,South Fla.,10/31/2013,Home
FBS,288,Houston,128,UCF,11/9/2013,Away
FBS,288,Houston,367,Louisville,11/16/2013,Away
FBS,288,Houston,140,Cincinnati,11/23/2013,Home
FBS,288,Houston,663,SMU,11/29/2013,Home
FBS,295,Idaho,497,North Texas,8/31/2013,Away
FBS,295,Idaho,811,Wyoming,9/7/2013,Away
FBS,295,Idaho,503,Northern Ill.,9/14/2013,Home
FBS,295,Idaho,754,Washington St.,9/21/2013,Away
FBS,295,Idaho,690,Temple,9/28/2013,Home
FBS,295,Idaho,96,Fresno St.,10/5/2013,Home
FBS,295,Idaho,30,Arkansas St.,10/12/2013,Away
FBS,295,Idaho,433,Ole Miss,10/26/2013,Away
FBS,295,Idaho,670,Texas St.,11/2/2013,Home
FBS,295,Idaho,523,Old Dominion,11/9/2013,Home
FBS,295,Idaho,234,Florida St.,11/23/2013,Away
FBS,295,Idaho,472,New Mexico St.,11/30/2013,Away
FBS,301,Illinois,659,Southern Ill.,8/31/2013,Home
FBS,301,Illinois,140,Cincinnati,9/7/2013,Home
FBS,301,Illinois,756,Washington,9/14/2013,Neutral
FBS,301,Illinois,414,Miami (OH),9/28/2013,Home
FBS,301,Illinois,463,Nebraska,10/5/2013,Away
FBS,301,Illinois,796,Wisconsin,10/19/2013,Home
FBS,301,Illinois,416,Michigan St.,10/26/2013,Home
FBS,301,Illinois,539,Penn St.,11/2/2013,Away
FBS,301,Illinois,306,Indiana,11/9/2013,Away
FBS,301,Illinois,518,Ohio St.,11/16/2013,Home
FBS,301,Illinois,559,Purdue,11/23/2013,Away
FBS,301,Illinois,509,Northwestern,11/30/2013,Home
FBS,306,Indiana,305,Indiana St.,8/29/2013,Home
FBS,306,Indiana,726,Navy,9/7/2013,Home
FBS,306,Indiana,71,Bowling Green,9/14/2013,Home
FBS,306,Indiana,434,Missouri,9/21/2013,Home
FBS,306,Indiana,539,Penn St.,10/5/2013,Home
FBS,306,Indiana,416,Michigan St.,10/12/2013,Away
FBS,306,Indiana,418,Michigan,10/19/2013,Away
FBS,306,Indiana,428,Minnesota,11/2/2013,Home
FBS,306,Indiana,301,Illinois,11/9/2013,Home
FBS,306,Indiana,796,Wisconsin,11/16/2013,Away
FBS,306,Indiana,518,Ohio St.,11/23/2013,Away
FBS,306,Indiana,559,Purdue,11/30/2013,Home
FBS,312,Iowa,503,Northern Ill.,8/31/2013,Home
FBS,312,Iowa,669,Missouri St.,9/7/2013,Home
FBS,312,Iowa,311,Iowa St.,9/14/2013,Away
FBS,312,Iowa,774,Western Mich.,9/21/2013,Home
FBS,312,Iowa,428,Minnesota,9/28/2013,Away
FBS,312,Iowa,416,Michigan St.,10/5/2013,Home
FBS,312,Iowa,518,Ohio St.,10/19/2013,Away
FBS,312,Iowa,509,Northwestern,10/26/2013,Home
FBS,312,Iowa,796,Wisconsin,11/2/2013,Home
FBS,312,Iowa,559,Purdue,11/9/2013,Away
FBS,312,Iowa,418,Michigan,11/23/2013,Home
FBS,312,Iowa,463,Nebraska,11/29/2013,Away
FBS,311,Iowa St.,504,UNI,8/31/2013,Home
FBS,311,Iowa St.,312,Iowa,9/14/2013,Home
FBS,311,Iowa St.,719,Tulsa,9/26/2013,Away
FBS,311,Iowa St.,703,Texas,10/3/2013,Home
FBS,311,Iowa St.,700,Texas Tech,10/12/2013,Away
FBS,311,Iowa St.,51,Baylor,10/19/2013,Away
FBS,311,Iowa St.,521,Oklahoma St.,10/26/2013,Home
FBS,311,Iowa St.,327,Kansas St.,11/2/2013,Away
FBS,311,Iowa St.,698,TCU,11/9/2013,Home
FBS,311,Iowa St.,522,Oklahoma,11/16/2013,Away
FBS,311,Iowa St.,328,Kansas,11/23/2013,Home
FBS,311,Iowa St.,768,West Virginia,11/30/2013,Away
FBS,328,Kansas,650,South Dakota,9/7/2013,Home
FBS,328,Kansas,574,Rice,9/14/2013,Away
FBS,328,Kansas,366,Louisiana Tech,9/21/2013,Home
FBS,328,Kansas,700,Texas Tech,10/5/2013,Home
FBS,328,Kansas,698,TCU,10/12/2013,Away
FBS,328,Kansas,522,Oklahoma,10/19/2013,Home
FBS,328,Kansas,51,Baylor,10/26/2013,Home
FBS,328,Kansas,703,Texas,11/2/2013,Away
FBS,328,Kansas,521,Oklahoma St.,11/9/2013,Away
FBS,328,Kansas,768,West Virginia,11/16/2013,Home
FBS,328,Kansas,311,Iowa St.,11/23/2013,Away
FBS,328,Kansas,327,Kansas St.,11/30/2013,Home
FBS,327,Kansas St.,493,North Dakota St.,8/30/2013,Home
FBS,327,Kansas St.,671,La.-Lafayette,9/7/2013,Home
FBS,327,Kansas St.,400,Massachusetts,9/14/2013,Home
FBS,327,Kansas St.,703,Texas,9/21/2013,Away
FBS,327,Kansas St.,521,Oklahoma St.,10/5/2013,Away
FBS,327,Kansas St.,51,Baylor,10/12/2013,Home
FBS,327,Kansas St.,768,West Virginia,10/26/2013,Home
FBS,327,Kansas St.,311,Iowa St.,11/2/2013,Home
FBS,327,Kansas St.,700,Texas Tech,11/9/2013,Away
FBS,327,Kansas St.,698,TCU,11/16/2013,Home
FBS,327,Kansas St.,522,Oklahoma,11/23/2013,Home
FBS,327,Kansas St.,328,Kansas,11/30/2013,Away
FBS,331,Kent St.,355,Liberty,8/29/2013,Home
FBS,331,Kent St.,71,Bowling Green,9/7/2013,Home
FBS,331,Kent St.,365,LSU,9/14/2013,Away
FBS,331,Kent St.,539,Penn St.,9/21/2013,Away
FBS,331,Kent St.,774,Western Mich.,9/28/2013,Away
FBS,331,Kent St.,503,Northern Ill.,10/5/2013,Home
FBS,331,Kent St.,47,Ball St.,10/12/2013,Away
FBS,331,Kent St.,646,South Ala.,10/19/2013,Away
FBS,331,Kent St.,86,Buffalo,10/26/2013,Home
FBS,331,Kent St.,5,Akron,11/2/2013,Away
FBS,331,Kent St.,414,Miami (OH),11/13/2013,Home
FBS,331,Kent St.,519,Ohio,11/19/2013,Away
FBS,334,Kentucky,772,Western Ky.,8/31/2013,Neutral
FBS,334,Kentucky,414,Miami (OH),9/7/2013,Home
FBS,334,Kentucky,367,Louisville,9/14/2013,Home
FBS,334,Kentucky,235,Florida,9/28/2013,Home
FBS,334,Kentucky,648,South Carolina,10/5/2013,Away
FBS,334,Kentucky,8,Alabama,10/12/2013,Home
FBS,334,Kentucky,430,Mississippi St.,10/24/2013,Away
FBS,334,Kentucky,7,Alabama St.,11/2/2013,Home
FBS,334,Kentucky,434,Missouri,11/9/2013,Home
FBS,334,Kentucky,736,Vanderbilt,11/16/2013,Away
FBS,334,Kentucky,257,Georgia,11/23/2013,Away
FBS,334,Kentucky,694,Tennessee,11/30/2013,Home
FBS,365,LSU,698,TCU,8/31/2013,Neutral
FBS,365,LSU,9,UAB,9/7/2013,Home
FBS,365,LSU,331,Kent St.,9/14/2013,Home
FBS,365,LSU,37,Auburn,9/21/2013,Home
FBS,365,LSU,257,Georgia,9/28/2013,Away
FBS,365,LSU,430,Mississippi St.,10/5/2013,Away
FBS,365,LSU,235,Florida,10/12/2013,Home
FBS,365,LSU,433,Ole Miss,10/19/2013,Away
FBS,365,LSU,244,Furman,10/26/2013,Home
FBS,365,LSU,8,Alabama,11/9/2013,Away
FBS,365,LSU,697,Texas A&M,11/23/2013,Home
FBS,365,LSU,31,Arkansas,11/29/2013,Home
FBS,671,La.-Lafayette,31,Arkansas,8/31/2013,Away
FBS,671,La.-Lafayette,327,Kansas St.,9/7/2013,Away
FBS,671,La.-Lafayette,483,Nicholls St.,9/14/2013,Home
FBS,671,La.-Lafayette,5,Akron,9/21/2013,Away
FBS,671,La.-Lafayette,670,Texas St.,10/5/2013,Home
FBS,671,La.-Lafayette,772,Western Ky.,10/15/2013,Away
FBS,671,La.-Lafayette,30,Arkansas St.,10/22/2013,Away
FBS,671,La.-Lafayette,472,New Mexico St.,11/2/2013,Home
FBS,671,La.-Lafayette,716,Troy,11/7/2013,Home
FBS,671,La.-Lafayette,254,Georgia St.,11/16/2013,Away
FBS,671,La.-Lafayette,498,La.-Monroe,11/30/2013,Home
FBS,671,La.-Lafayette,646,South Ala.,12/7/2013,Away
FBS,498,La.-Monroe,522,Oklahoma,8/31/2013,Away
FBS,498,La.-Monroe,261,Grambling,9/7/2013,Home
FBS,498,La.-Monroe,749,Wake Forest,9/14/2013,Away
FBS,498,La.-Monroe,51,Baylor,9/21/2013,Away
FBS,498,La.-Monroe,718,Tulane,9/28/2013,Home
FBS,498,La.-Monroe,772,Western Ky.,10/3/2013,Home
FBS,498,La.-Monroe,670,Texas St.,10/12/2013,Away
FBS,498,La.-Monroe,254,Georgia St.,10/26/2013,Home
FBS,498,La.-Monroe,716,Troy,10/31/2013,Away
FBS,498,La.-Monroe,30,Arkansas St.,11/9/2013,Home
FBS,498,La.-Monroe,646,South Ala.,11/23/2013,Away
FBS,498,La.-Monroe,671,La.-Lafayette,11/30/2013,Away
FBS,366,Louisiana Tech,490,North Carolina St.,8/31/2013,Away
FBS,366,Louisiana Tech,346,Lamar,9/7/2013,Home
FBS,366,Louisiana Tech,718,Tulane,9/12/2013,Home
FBS,366,Louisiana Tech,328,Kansas,9/21/2013,Away
FBS,366,Louisiana Tech,725,Army,9/28/2013,Neutral
FBS,366,Louisiana Tech,704,UTEP,10/5/2013,Away
FBS,366,Louisiana Tech,497,North Texas,10/19/2013,Home
FBS,366,Louisiana Tech,231,FIU,10/26/2013,Away
FBS,366,Louisiana Tech,664,Southern Miss.,11/9/2013,Home
FBS,366,Louisiana Tech,574,Rice,11/16/2013,Away
FBS,366,Louisiana Tech,719,Tulsa,11/23/2013,Home
FBS,366,Louisiana Tech,706,UTSA,11/30/2013,Away
FBS,367,Louisville,519,Ohio,9/1/2013,Home
FBS,367,Louisville,202,Eastern Ky.,9/7/2013,Home
FBS,367,Louisville,334,Kentucky,9/14/2013,Away
FBS,367,Louisville,231,FIU,9/21/2013,Home
FBS,367,Louisville,690,Temple,10/5/2013,Away
FBS,367,Louisville,587,Rutgers,10/10/2013,Home
FBS,367,Louisville,128,UCF,10/18/2013,Home
FBS,367,Louisville,651,South Fla.,10/26/2013,Away
FBS,367,Louisville,164,Connecticut,11/8/2013,Away
FBS,367,Louisville,288,Houston,11/16/2013,Home
FBS,367,Louisville,404,Memphis,11/23/2013,Home
FBS,367,Louisville,140,Cincinnati,12/5/2013,Away
FBS,388,Marshall,414,Miami (OH),8/31/2013,Home
FBS,388,Marshall,1092,Gardner-Webb,9/7/2013,Home
FBS,388,Marshall,519,Ohio,9/14/2013,Away
FBS,388,Marshall,742,Virginia Tech,9/21/2013,Away
FBS,388,Marshall,706,UTSA,10/5/2013,Home
FBS,388,Marshall,229,Fla. Atlantic,10/12/2013,Away
FBS,388,Marshall,419,Middle Tenn.,10/24/2013,Away
FBS,388,Marshall,664,Southern Miss.,11/2/2013,Home
FBS,388,Marshall,9,UAB,11/9/2013,Home
FBS,388,Marshall,719,Tulsa,11/14/2013,Away
FBS,388,Marshall,231,FIU,11/23/2013,Away
FBS,388,Marshall,196,East Carolina,11/29/2013,Home
FBS,392,Maryland,231,FIU,8/31/2013,Home
FBS,392,Maryland,523,Old Dominion,9/7/2013,Home
FBS,392,Maryland,164,Connecticut,9/14/2013,Away
FBS,392,Maryland,768,West Virginia,9/21/2013,Neutral
FBS,392,Maryland,234,Florida St.,10/5/2013,Away
FBS,392,Maryland,746,Virginia,10/12/2013,Home
FBS,392,Maryland,749,Wake Forest,10/19/2013,Away
FBS,392,Maryland,147,Clemson,10/26/2013,Home
FBS,392,Maryland,688,Syracuse,11/9/2013,Home
FBS,392,Maryland,742,Virginia Tech,11/16/2013,Away
FBS,392,Maryland,67,Boston College,11/23/2013,Home
FBS,392,Maryland,490,North Carolina St.,11/30/2013,Away
FBS,404,Memphis,193,Duke,9/7/2013,Home
FBS,404,Memphis,419,Middle Tenn.,9/14/2013,Away
FBS,404,Memphis,30,Arkansas St.,9/21/2013,Home
FBS,404,Memphis,128,UCF,10/5/2013,Home
FBS,404,Memphis,288,Houston,10/12/2013,Away
FBS,404,Memphis,663,SMU,10/19/2013,Home
FBS,404,Memphis,140,Cincinnati,10/30/2013,Home
FBS,404,Memphis,695,UT Martin,11/9/2013,Home
FBS,404,Memphis,651,South Fla.,11/16/2013,Away
FBS,404,Memphis,367,Louisville,11/23/2013,Away
FBS,404,Memphis,690,Temple,11/30/2013,Home
FBS,404,Memphis,164,Connecticut,12/7/2013,Away
FBS,415,Miami (FL),229,Fla. Atlantic,8/30/2013,Home
FBS,415,Miami (FL),235,Florida,9/7/2013,Home
FBS,415,Miami (FL),632,Savannah St.,9/21/2013,Home
FBS,415,Miami (FL),651,South Fla.,9/28/2013,Away
FBS,415,Miami (FL),255,Georgia Tech,10/5/2013,Home
FBS,415,Miami (FL),457,North Carolina,10/17/2013,Away
FBS,415,Miami (FL),749,Wake Forest,10/26/2013,Home
FBS,415,Miami (FL),234,Florida St.,11/2/2013,Away
FBS,415,Miami (FL),742,Virginia Tech,11/9/2013,Home
FBS,415,Miami (FL),193,Duke,11/16/2013,Away
FBS,415,Miami (FL),746,Virginia,11/23/2013,Home
FBS,415,Miami (FL),545,Pittsburgh,11/29/2013,Away
FBS,414,Miami (OH),388,Marshall,8/31/2013,Away
FBS,414,Miami (OH),334,Kentucky,9/7/2013,Away
FBS,414,Miami (OH),140,Cincinnati,9/21/2013,Home
FBS,414,Miami (OH),301,Illinois,9/28/2013,Away
FBS,414,Miami (OH),129,Central Mich.,10/5/2013,Home
FBS,414,Miami (OH),400,Massachusetts,10/12/2013,Away
FBS,414,Miami (OH),5,Akron,10/19/2013,Home
FBS,414,Miami (OH),519,Ohio,10/26/2013,Away
FBS,414,Miami (OH),71,Bowling Green,11/5/2013,Home
FBS,414,Miami (OH),331,Kent St.,11/13/2013,Away
FBS,414,Miami (OH),86,Buffalo,11/19/2013,Home
FBS,414,Miami (OH),47,Ball St.,11/29/2013,Away
FBS,418,Michigan,129,Central Mich.,8/31/2013,Home
FBS,418,Michigan,513,Notre Dame,9/7/2013,Home
FBS,418,Michigan,5,Akron,9/14/2013,Home
FBS,418,Michigan,164,Connecticut,9/21/2013,Away
FBS,418,Michigan,428,Minnesota,10/5/2013,Home
FBS,418,Michigan,539,Penn St.,10/12/2013,Away
FBS,418,Michigan,306,Indiana,10/19/2013,Home
FBS,418,Michigan,416,Michigan St.,11/2/2013,Away
FBS,418,Michigan,463,Nebraska,11/9/2013,Home
FBS,418,Michigan,509,Northwestern,11/16/2013,Away
FBS,418,Michigan,312,Iowa,11/23/2013,Away
FBS,418,Michigan,518,Ohio St.,11/30/2013,Home
FBS,416,Michigan St.,774,Western Mich.,8/30/2013,Home
FBS,416,Michigan St.,651,South Fla.,9/7/2013,Home
FBS,416,Michigan St.,817,Youngstown St.,9/14/2013,Home
FBS,416,Michigan St.,513,Notre Dame,9/21/2013,Away
FBS,416,Michigan St.,312,Iowa,10/5/2013,Away
FBS,416,Michigan St.,306,Indiana,10/12/2013,Home
FBS,416,Michigan St.,559,Purdue,10/19/2013,Home
FBS,416,Michigan St.,301,Illinois,10/26/2013,Away
FBS,416,Michigan St.,418,Michigan,11/2/2013,Home
FBS,416,Michigan St.,463,Nebraska,11/16/2013,Away
FBS,416,Michigan St.,509,Northwestern,11/23/2013,Away
FBS,416,Michigan St.,428,Minnesota,11/30/2013,Home
FBS,419,Middle Tenn.,769,Western Caro.,8/29/2013,Home
FBS,419,Middle Tenn.,457,North Carolina,9/7/2013,Away
FBS,419,Middle Tenn.,404,Memphis,9/14/2013,Home
FBS,419,Middle Tenn.,229,Fla. Atlantic,9/21/2013,Away
FBS,419,Middle Tenn.,77,BYU,9/27/2013,Away
FBS,419,Middle Tenn.,196,East Carolina,10/5/2013,Home
FBS,419,Middle Tenn.,497,North Texas,10/12/2013,Away
FBS,419,Middle Tenn.,388,Marshall,10/24/2013,Home
FBS,419,Middle Tenn.,9,UAB,11/2/2013,Away
FBS,419,Middle Tenn.,231,FIU,11/9/2013,Home
FBS,419,Middle Tenn.,664,Southern Miss.,11/23/2013,Away
FBS,419,Middle Tenn.,704,UTEP,11/30/2013,Home
FBS,428,Minnesota,465,UNLV,8/29/2013,Home
FBS,428,Minnesota,472,New Mexico St.,9/7/2013,Away
FBS,428,Minnesota,771,Western Ill.,9/14/2013,Home
FBS,428,Minnesota,630,San Jose St.,9/21/2013,Home
FBS,428,Minnesota,312,Iowa,9/28/2013,Home
FBS,428,Minnesota,418,Michigan,10/5/2013,Away
FBS,428,Minnesota,509,Northwestern,10/19/2013,Away
FBS,428,Minnesota,463,Nebraska,10/26/2013,Home
FBS,428,Minnesota,306,Indiana,11/2/2013,Away
FBS,428,Minnesota,539,Penn St.,11/9/2013,Home
FBS,428,Minnesota,796,Wisconsin,11/23/2013,Home
FBS,428,Minnesota,416,Michigan St.,11/30/2013,Away
FBS,430,Mississippi St.,521,Oklahoma St.,8/31/2013,Neutral
FBS,430,Mississippi St.,17,Alcorn,9/7/2013,Home
FBS,430,Mississippi St.,37,Auburn,9/14/2013,Away
FBS,430,Mississippi St.,716,Troy,9/21/2013,Home
FBS,430,Mississippi St.,365,LSU,10/5/2013,Home
FBS,430,Mississippi St.,71,Bowling Green,10/12/2013,Home
FBS,430,Mississippi St.,334,Kentucky,10/24/2013,Home
FBS,430,Mississippi St.,648,South Carolina,11/2/2013,Away
FBS,430,Mississippi St.,697,Texas A&M,11/9/2013,Away
FBS,430,Mississippi St.,8,Alabama,11/16/2013,Home
FBS,430,Mississippi St.,31,Arkansas,11/23/2013,Away
FBS,430,Mississippi St.,433,Ole Miss,11/28/2013,Home
FBS,434,Missouri,454,Murray St.,8/31/2013,Home
FBS,434,Missouri,709,Toledo,9/7/2013,Home
FBS,434,Missouri,306,Indiana,9/21/2013,Away
FBS,434,Missouri,30,Arkansas St.,9/28/2013,Home
FBS,434,Missouri,736,Vanderbilt,10/5/2013,Away
FBS,434,Missouri,257,Georgia,10/12/2013,Away
FBS,434,Missouri,235,Florida,10/19/2013,Home
FBS,434,Missouri,648,South Carolina,10/26/2013,Home
FBS,434,Missouri,694,Tennessee,11/2/2013,Home
FBS,434,Missouri,334,Kentucky,11/9/2013,Away
FBS,434,Missouri,433,Ole Miss,11/23/2013,Away
FBS,434,Missouri,697,Texas A&M,11/30/2013,Home
FBS,726,Navy,306,Indiana,9/7/2013,Away
FBS,726,Navy,180,Delaware,9/14/2013,Home
FBS,726,Navy,772,Western Ky.,9/28/2013,Away
FBS,726,Navy,721,Air Force,10/5/2013,Home
FBS,726,Navy,193,Duke,10/12/2013,Away
FBS,726,Navy,709,Toledo,10/19/2013,Away
FBS,726,Navy,545,Pittsburgh,10/26/2013,Home
FBS,726,Navy,513,Notre Dame,11/2/2013,Away
FBS,726,Navy,277,Hawaii,11/9/2013,Home
FBS,726,Navy,646,South Ala.,11/16/2013,Home
FBS,726,Navy,630,San Jose St.,11/22/2013,Away
FBS,726,Navy,725,Army,12/14/2013,Neutral
FBS,463,Nebraska,811,Wyoming,8/31/2013,Home
FBS,463,Nebraska,664,Southern Miss.,9/7/2013,Home
FBS,463,Nebraska,110,UCLA,9/14/2013,Home
FBS,463,Nebraska,649,South Dakota St.,9/21/2013,Home
FBS,463,Nebraska,301,Illinois,10/5/2013,Home
FBS,463,Nebraska,559,Purdue,10/12/2013,Away
FBS,463,Nebraska,428,Minnesota,10/26/2013,Away
FBS,463,Nebraska,509,Northwestern,11/2/2013,Home
FBS,463,Nebraska,418,Michigan,11/9/2013,Away
FBS,463,Nebraska,416,Michigan St.,11/16/2013,Home
FBS,463,Nebraska,539,Penn St.,11/23/2013,Away
FBS,463,Nebraska,312,Iowa,11/29/2013,Home
FBS,466,Nevada,110,UCLA,8/31/2013,Away
FBS,466,Nevada,108,UC Davis,9/7/2013,Home
FBS,466,Nevada,234,Florida St.,9/14/2013,Away
FBS,466,Nevada,277,Hawaii,9/21/2013,Home
FBS,466,Nevada,721,Air Force,9/28/2013,Home
FBS,466,Nevada,626,San Diego St.,10/4/2013,Away
FBS,466,Nevada,66,Boise St.,10/19/2013,Away
FBS,466,Nevada,465,UNLV,10/26/2013,Home
FBS,466,Nevada,96,Fresno St.,11/2/2013,Away
FBS,466,Nevada,156,Colorado St.,11/9/2013,Away
FBS,466,Nevada,630,San Jose St.,11/16/2013,Home
FBS,466,Nevada,77,BYU,11/30/2013,Home
FBS,473,New Mexico,706,UTSA,8/31/2013,Home
FBS,473,New Mexico,704,UTEP,9/7/2013,Away
FBS,473,New Mexico,545,Pittsburgh,9/14/2013,Away
FBS,473,New Mexico,465,UNLV,9/28/2013,Home
FBS,473,New Mexico,472,New Mexico St.,10/5/2013,Home
FBS,473,New Mexico,811,Wyoming,10/12/2013,Away
FBS,473,New Mexico,731,Utah St.,10/19/2013,Home
FBS,473,New Mexico,626,San Diego St.,11/2/2013,Away
FBS,473,New Mexico,721,Air Force,11/8/2013,Home
FBS,473,New Mexico,156,Colorado St.,11/16/2013,Home
FBS,473,New Mexico,96,Fresno St.,11/23/2013,Away
FBS,473,New Mexico,66,Boise St.,11/30/2013,Away
FBS,472,New Mexico St.,703,Texas,8/31/2013,Away
FBS,472,New Mexico St.,428,Minnesota,9/7/2013,Home
FBS,472,New Mexico St.,704,UTEP,9/14/2013,Home
FBS,472,New Mexico St.,110,UCLA,9/21/2013,Away
FBS,472,New Mexico St.,626,San Diego St.,9/28/2013,Home
FBS,472,New Mexico St.,473,New Mexico,10/5/2013,Away
FBS,472,New Mexico St.,574,Rice,10/19/2013,Home
FBS,472,New Mexico St.,2,Abilene Christian,10/26/2013,Home
FBS,472,New Mexico St.,671,La.-Lafayette,11/2/2013,Away
FBS,472,New Mexico St.,67,Boston College,11/9/2013,Home
FBS,472,New Mexico St.,229,Fla. Atlantic,11/23/2013,Away
FBS,472,New Mexico St.,295,Idaho,11/30/2013,Home
FBS,457,North Carolina,648,South Carolina,8/29/2013,Away
FBS,457,North Carolina,419,Middle Tenn.,9/7/2013,Home
FBS,457,North Carolina,255,Georgia Tech,9/21/2013,Away
FBS,457,North Carolina,196,East Carolina,9/28/2013,Home
FBS,457,North Carolina,742,Virginia Tech,10/5/2013,Away
FBS,457,North Carolina,415,Miami (FL),10/17/2013,Home
FBS,457,North Carolina,67,Boston College,10/26/2013,Home
FBS,457,North Carolina,490,North Carolina St.,11/2/2013,Away
FBS,457,North Carolina,746,Virginia,11/9/2013,Home
FBS,457,North Carolina,545,Pittsburgh,11/16/2013,Away
FBS,457,North Carolina,523,Old Dominion,11/23/2013,Home
FBS,457,North Carolina,193,Duke,11/30/2013,Home
FBS,490,North Carolina St.,366,Louisiana Tech,8/31/2013,Home
FBS,490,North Carolina St.,575,Richmond,9/7/2013,Home
FBS,490,North Carolina St.,147,Clemson,9/19/2013,Home
FBS,490,North Carolina St.,129,Central Mich.,9/28/2013,Home
FBS,490,North Carolina St.,749,Wake Forest,10/5/2013,Away
FBS,490,North Carolina St.,688,Syracuse,10/12/2013,Home
FBS,490,North Carolina St.,234,Florida St.,10/26/2013,Away
FBS,490,North Carolina St.,457,North Carolina,11/2/2013,Home
FBS,490,North Carolina St.,193,Duke,11/9/2013,Away
FBS,490,North Carolina St.,67,Boston College,11/16/2013,Away
FBS,490,North Carolina St.,196,East Carolina,11/23/2013,Home
FBS,490,North Carolina St.,392,Maryland,11/30/2013,Home
FBS,497,North Texas,295,Idaho,8/31/2013,Home
FBS,497,North Texas,519,Ohio,9/7/2013,Away
FBS,497,North Texas,47,Ball St.,9/14/2013,Home
FBS,497,North Texas,257,Georgia,9/21/2013,Away
FBS,497,North Texas,718,Tulane,10/5/2013,Away
FBS,497,North Texas,419,Middle Tenn.,10/12/2013,Home
FBS,497,North Texas,366,Louisiana Tech,10/19/2013,Away
FBS,497,North Texas,664,Southern Miss.,10/26/2013,Away
FBS,497,North Texas,574,Rice,10/31/2013,Home
FBS,497,North Texas,704,UTEP,11/9/2013,Home
FBS,497,North Texas,706,UTSA,11/23/2013,Home
FBS,497,North Texas,719,Tulsa,11/30/2013,Away
FBS,503,Northern Ill.,312,Iowa,8/31/2013,Away
FBS,503,Northern Ill.,295,Idaho,9/14/2013,Away
FBS,503,Northern Ill.,201,Eastern Ill.,9/21/2013,Home
FBS,503,Northern Ill.,559,Purdue,9/28/2013,Away
FBS,503,Northern Ill.,331,Kent St.,10/5/2013,Away
FBS,503,Northern Ill.,5,Akron,10/12/2013,Home
FBS,503,Northern Ill.,129,Central Mich.,10/19/2013,Away
FBS,503,Northern Ill.,204,Eastern Mich.,10/26/2013,Home
FBS,503,Northern Ill.,400,Massachusetts,11/2/2013,Away
FBS,503,Northern Ill.,47,Ball St.,11/13/2013,Home
FBS,503,Northern Ill.,709,Toledo,11/20/2013,Away
FBS,503,Northern Ill.,774,Western Mich.,11/26/2013,Home
FBS,509,Northwestern,107,California,8/31/2013,Away
FBS,509,Northwestern,688,Syracuse,9/7/2013,Home
FBS,509,Northwestern,774,Western Mich.,9/14/2013,Home
FBS,509,Northwestern,380,Maine,9/21/2013,Home
FBS,509,Northwestern,518,Ohio St.,10/5/2013,Home
FBS,509,Northwestern,796,Wisconsin,10/12/2013,Away
FBS,509,Northwestern,428,Minnesota,10/19/2013,Home
FBS,509,Northwestern,312,Iowa,10/26/2013,Away
FBS,509,Northwestern,463,Nebraska,11/2/2013,Away
FBS,509,Northwestern,418,Michigan,11/16/2013,Home
FBS,509,Northwestern,416,Michigan St.,11/23/2013,Home
FBS,509,Northwestern,301,Illinois,11/30/2013,Away
FBS,513,Notre Dame,690,Temple,8/31/2013,Home
FBS,513,Notre Dame,418,Michigan,9/7/2013,Away
FBS,513,Notre Dame,559,Purdue,9/14/2013,Away
FBS,513,Notre Dame,416,Michigan St.,9/21/2013,Home
FBS,513,Notre Dame,522,Oklahoma,9/28/2013,Home
FBS,513,Notre Dame,28,Arizona St.,10/5/2013,Neutral
FBS,513,Notre Dame,657,Southern California,10/19/2013,Home
FBS,513,Notre Dame,721,Air Force,10/26/2013,Away
FBS,513,Notre Dame,726,Navy,11/2/2013,Home
FBS,513,Notre Dame,545,Pittsburgh,11/9/2013,Away
FBS,513,Notre Dame,77,BYU,11/23/2013,Home
FBS,513,Notre Dame,674,Stanford,11/30/2013,Away
FBS,519,Ohio,367,Louisville,9/1/2013,Away
FBS,519,Ohio,497,North Texas,9/7/2013,Home
FBS,519,Ohio,388,Marshall,9/14/2013,Home
FBS,519,Ohio,43,Austin Peay,9/21/2013,Home
FBS,519,Ohio,5,Akron,10/5/2013,Away
FBS,519,Ohio,129,Central Mich.,10/12/2013,Home
FBS,519,Ohio,204,Eastern Mich.,10/19/2013,Away
FBS,519,Ohio,414,Miami (OH),10/26/2013,Home
FBS,519,Ohio,86,Buffalo,11/5/2013,Away
FBS,519,Ohio,71,Bowling Green,11/12/2013,Away
FBS,519,Ohio,331,Kent St.,11/19/2013,Home
FBS,519,Ohio,400,Massachusetts,11/29/2013,Home
FBS,518,Ohio St.,86,Buffalo,8/31/2013,Home
FBS,518,Ohio St.,626,San Diego St.,9/7/2013,Home
FBS,518,Ohio St.,107,California,9/14/2013,Away
FBS,518,Ohio St.,228,Florida A&M,9/21/2013,Home
FBS,518,Ohio St.,796,Wisconsin,9/28/2013,Home
FBS,518,Ohio St.,509,Northwestern,10/5/2013,Away
FBS,518,Ohio St.,312,Iowa,10/19/2013,Home
FBS,518,Ohio St.,539,Penn St.,10/26/2013,Home
FBS,518,Ohio St.,559,Purdue,11/2/2013,Away
FBS,518,Ohio St.,301,Illinois,11/16/2013,Away
FBS,518,Ohio St.,306,Indiana,11/23/2013,Home
FBS,518,Ohio St.,418,Michigan,11/30/2013,Away
FBS,522,Oklahoma,498,La.-Monroe,8/31/2013,Home
FBS,522,Oklahoma,768,West Virginia,9/7/2013,Home
FBS,522,Oklahoma,719,Tulsa,9/14/2013,Home
FBS,522,Oklahoma,513,Notre Dame,9/28/2013,Away
FBS,522,Oklahoma,698,TCU,10/5/2013,Home
FBS,522,Oklahoma,703,Texas,10/12/2013,Neutral
FBS,522,Oklahoma,328,Kansas,10/19/2013,Away
FBS,522,Oklahoma,700,Texas Tech,10/26/2013,Home
FBS,522,Oklahoma,51,Baylor,11/7/2013,Away
FBS,522,Oklahoma,311,Iowa St.,11/16/2013,Home
FBS,522,Oklahoma,327,Kansas St.,11/23/2013,Away
FBS,522,Oklahoma,521,Oklahoma St.,12/7/2013,Away
FBS,521,Oklahoma St.,430,Mississippi St.,8/31/2013,Neutral
FBS,521,Oklahoma St.,706,UTSA,9/7/2013,Away
FBS,521,Oklahoma St.,346,Lamar,9/14/2013,Home
FBS,521,Oklahoma St.,768,West Virginia,9/28/2013,Away
FBS,521,Oklahoma St.,327,Kansas St.,10/5/2013,Home
FBS,521,Oklahoma St.,698,TCU,10/19/2013,Home
FBS,521,Oklahoma St.,311,Iowa St.,10/26/2013,Away
FBS,521,Oklahoma St.,700,Texas Tech,11/2/2013,Away
FBS,521,Oklahoma St.,328,Kansas,11/9/2013,Home
FBS,521,Oklahoma St.,703,Texas,11/16/2013,Away
FBS,521,Oklahoma St.,51,Baylor,11/23/2013,Home
FBS,521,Oklahoma St.,522,Oklahoma,12/7/2013,Home
FBS,433,Ole Miss,736,Vanderbilt,8/29/2013,Away
FBS,433,Ole Miss,654,Southeast Mo. St.,9/7/2013,Home
FBS,433,Ole Miss,703,Texas,9/14/2013,Away
FBS,433,Ole Miss,8,Alabama,9/28/2013,Away
FBS,433,Ole Miss,37,Auburn,10/5/2013,Away
FBS,433,Ole Miss,697,Texas A&M,10/12/2013,Home
FBS,433,Ole Miss,365,LSU,10/19/2013,Home
FBS,433,Ole Miss,295,Idaho,10/26/2013,Home
FBS,433,Ole Miss,31,Arkansas,11/9/2013,Home
FBS,433,Ole Miss,716,Troy,11/16/2013,Home
FBS,433,Ole Miss,434,Missouri,11/23/2013,Home
FBS,433,Ole Miss,430,Mississippi St.,11/28/2013,Away
FBS,529,Oregon,483,Nicholls St.,8/31/2013,Home
FBS,529,Oregon,746,Virginia,9/7/2013,Away
FBS,529,Oregon,694,Tennessee,9/14/2013,Home
FBS,529,Oregon,107,California,9/28/2013,Home
FBS,529,Oregon,157,Colorado,10/5/2013,Away
FBS,529,Oregon,756,Washington,10/12/2013,Away
FBS,529,Oregon,754,Washington St.,10/19/2013,Home
FBS,529,Oregon,110,UCLA,10/26/2013,Home
FBS,529,Oregon,674,Stanford,11/7/2013,Away
FBS,529,Oregon,732,Utah,11/16/2013,Home
FBS,529,Oregon,29,Arizona,11/23/2013,Away
FBS,529,Oregon,528,Oregon St.,11/29/2013,Home
FBS,528,Oregon St.,207,Eastern Wash.,8/31/2013,Home
FBS,528,Oregon St.,277,Hawaii,9/7/2013,Home
FBS,528,Oregon St.,732,Utah,9/14/2013,Away
FBS,528,Oregon St.,626,San Diego St.,9/21/2013,Away
FBS,528,Oregon St.,157,Colorado,9/28/2013,Home
FBS,528,Oregon St.,754,Washington St.,10/12/2013,Away
FBS,528,Oregon St.,107,California,10/19/2013,Away
FBS,528,Oregon St.,674,Stanford,10/26/2013,Home
FBS,528,Oregon St.,657,Southern California,11/1/2013,Home
FBS,528,Oregon St.,28,Arizona St.,11/16/2013,Away
FBS,528,Oregon St.,756,Washington,11/23/2013,Home
FBS,528,Oregon St.,529,Oregon,11/29/2013,Away
FBS,539,Penn St.,688,Syracuse,8/31/2013,Neutral
FBS,539,Penn St.,204,Eastern Mich.,9/7/2013,Home
FBS,539,Penn St.,128,UCF,9/14/2013,Home
FBS,539,Penn St.,331,Kent St.,9/21/2013,Home
FBS,539,Penn St.,306,Indiana,10/5/2013,Away
FBS,539,Penn St.,418,Michigan,10/12/2013,Home
FBS,539,Penn St.,518,Ohio St.,10/26/2013,Away
FBS,539,Penn St.,301,Illinois,11/2/2013,Home
FBS,539,Penn St.,428,Minnesota,11/9/2013,Away
FBS,539,Penn St.,559,Purdue,11/16/2013,Home
FBS,539,Penn St.,463,Nebraska,11/23/2013,Home
FBS,539,Penn St.,796,Wisconsin,11/30/2013,Away
FBS,545,Pittsburgh,234,Florida St.,9/2/2013,Home
FBS,545,Pittsburgh,473,New Mexico,9/14/2013,Home
FBS,545,Pittsburgh,193,Duke,9/21/2013,Away
FBS,545,Pittsburgh,746,Virginia,9/28/2013,Home
FBS,545,Pittsburgh,742,Virginia Tech,10/12/2013,Away
FBS,545,Pittsburgh,523,Old Dominion,10/19/2013,Home
FBS,545,Pittsburgh,726,Navy,10/26/2013,Away
FBS,545,Pittsburgh,255,Georgia Tech,11/2/2013,Away
FBS,545,Pittsburgh,513,Notre Dame,11/9/2013,Home
FBS,545,Pittsburgh,457,North Carolina,11/16/2013,Home
FBS,545,Pittsburgh,688,Syracuse,11/23/2013,Away
FBS,545,Pittsburgh,415,Miami (FL),11/29/2013,Home
FBS,559,Purdue,140,Cincinnati,8/31/2013,Away
FBS,559,Purdue,305,Indiana St.,9/7/2013,Home
FBS,559,Purdue,513,Notre Dame,9/14/2013,Home
FBS,559,Purdue,796,Wisconsin,9/21/2013,Away
FBS,559,Purdue,503,Northern Ill.,9/28/2013,Home
FBS,559,Purdue,463,Nebraska,10/12/2013,Home
FBS,559,Purdue,416,Michigan St.,10/19/2013,Away
FBS,559,Purdue,518,Ohio St.,11/2/2013,Home
FBS,559,Purdue,312,Iowa,11/9/2013,Home
FBS,559,Purdue,539,Penn St.,11/16/2013,Away
FBS,559,Purdue,301,Illinois,11/23/2013,Home
FBS,559,Purdue,306,Indiana,11/30/2013,Away
FBS,574,Rice,697,Texas A&M,8/31/2013,Away
FBS,574,Rice,328,Kansas,9/14/2013,Home
FBS,574,Rice,288,Houston,9/21/2013,Home
FBS,574,Rice,229,Fla. Atlantic,9/28/2013,Home
FBS,574,Rice,719,Tulsa,10/5/2013,Away
FBS,574,Rice,706,UTSA,10/12/2013,Away
FBS,574,Rice,472,New Mexico St.,10/19/2013,Away
FBS,574,Rice,704,UTEP,10/26/2013,Home
FBS,574,Rice,497,North Texas,10/31/2013,Away
FBS,574,Rice,366,Louisiana Tech,11/16/2013,Home
FBS,574,Rice,9,UAB,11/21/2013,Away
FBS,574,Rice,718,Tulane,11/30/2013,Home
FBS,587,Rutgers,96,Fresno St.,8/29/2013,Away
FBS,587,Rutgers,485,Norfolk St.,9/7/2013,Home
FBS,587,Rutgers,204,Eastern Mich.,9/14/2013,Home
FBS,587,Rutgers,31,Arkansas,9/21/2013,Home
FBS,587,Rutgers,663,SMU,10/5/2013,Away
FBS,587,Rutgers,367,Louisville,10/10/2013,Away
FBS,587,Rutgers,288,Houston,10/26/2013,Home
FBS,587,Rutgers,690,Temple,11/2/2013,Home
FBS,587,Rutgers,140,Cincinnati,11/16/2013,Home
FBS,587,Rutgers,128,UCF,11/21/2013,Away
FBS,587,Rutgers,164,Connecticut,11/30/2013,Away
FBS,587,Rutgers,651,South Fla.,12/7/2013,Home
FBS,663,SMU,700,Texas Tech,8/30/2013,Home
FBS,663,SMU,440,Montana St.,9/7/2013,Home
FBS,663,SMU,697,Texas A&M,9/21/2013,Away
FBS,663,SMU,698,TCU,9/28/2013,Away
FBS,663,SMU,587,Rutgers,10/5/2013,Home
FBS,663,SMU,404,Memphis,10/19/2013,Away
FBS,663,SMU,690,Temple,10/26/2013,Home
FBS,663,SMU,140,Cincinnati,11/9/2013,Away
FBS,663,SMU,164,Connecticut,11/16/2013,Home
FBS,663,SMU,651,South Fla.,11/23/2013,Away
FBS,663,SMU,288,Houston,11/29/2013,Away
FBS,663,SMU,128,UCF,12/7/2013,Home
FBS,626,San Diego St.,201,Eastern Ill.,8/31/2013,Home
FBS,626,San Diego St.,518,Ohio St.,9/7/2013,Away
FBS,626,San Diego St.,528,Oregon St.,9/21/2013,Home
FBS,626,San Diego St.,472,New Mexico St.,9/28/2013,Away
FBS,626,San Diego St.,466,Nevada,10/4/2013,Home
FBS,626,San Diego St.,721,Air Force,10/10/2013,Away
FBS,626,San Diego St.,96,Fresno St.,10/26/2013,Home
FBS,626,San Diego St.,473,New Mexico,11/2/2013,Home
FBS,626,San Diego St.,630,San Jose St.,11/9/2013,Away
FBS,626,San Diego St.,277,Hawaii,11/16/2013,Away
FBS,626,San Diego St.,66,Boise St.,11/23/2013,Home
FBS,626,San Diego St.,465,UNLV,11/30/2013,Away
FBS,630,San Jose St.,102,Sacramento St.,8/29/2013,Home
FBS,630,San Jose St.,674,Stanford,9/7/2013,Away
FBS,630,San Jose St.,428,Minnesota,9/21/2013,Away
FBS,630,San Jose St.,731,Utah St.,9/27/2013,Home
FBS,630,San Jose St.,277,Hawaii,10/5/2013,Away
FBS,630,San Jose St.,156,Colorado St.,10/12/2013,Away
FBS,630,San Jose St.,811,Wyoming,10/26/2013,Home
FBS,630,San Jose St.,465,UNLV,11/2/2013,Away
FBS,630,San Jose St.,626,San Diego St.,11/9/2013,Home
FBS,630,San Jose St.,466,Nevada,11/16/2013,Away
FBS,630,San Jose St.,726,Navy,11/22/2013,Home
FBS,630,San Jose St.,96,Fresno St.,11/29/2013,Home
FBS,648,South Carolina,457,North Carolina,8/29/2013,Home
FBS,648,South Carolina,257,Georgia,9/7/2013,Away
FBS,648,South Carolina,736,Vanderbilt,9/14/2013,Home
FBS,648,South Carolina,128,UCF,9/28/2013,Away
FBS,648,South Carolina,334,Kentucky,10/5/2013,Home
FBS,648,South Carolina,31,Arkansas,10/12/2013,Away
FBS,648,South Carolina,694,Tennessee,10/19/2013,Away
FBS,648,South Carolina,434,Missouri,10/26/2013,Away
FBS,648,South Carolina,430,Mississippi St.,11/2/2013,Home
FBS,648,South Carolina,235,Florida,11/16/2013,Home
FBS,648,South Carolina,149,Coastal Caro.,11/23/2013,Home
FBS,648,South Carolina,147,Clemson,11/30/2013,Home
FBS,651,South Fla.,402,McNeese St.,8/31/2013,Home
FBS,651,South Fla.,416,Michigan St.,9/7/2013,Away
FBS,651,South Fla.,229,Fla. Atlantic,9/14/2013,Home
FBS,651,South Fla.,415,Miami (FL),9/28/2013,Home
FBS,651,South Fla.,140,Cincinnati,10/5/2013,Home
FBS,651,South Fla.,164,Connecticut,10/12/2013,Away
FBS,651,South Fla.,367,Louisville,10/26/2013,Home
FBS,651,South Fla.,288,Houston,10/31/2013,Away
FBS,651,South Fla.,404,Memphis,11/16/2013,Home
FBS,651,South Fla.,663,SMU,11/23/2013,Home
FBS,651,South Fla.,128,UCF,11/29/2013,Away
FBS,651,South Fla.,587,Rutgers,12/7/2013,Away
FBS,657,Southern California,277,Hawaii,8/29/2013,Away
FBS,657,Southern California,754,Washington St.,9/7/2013,Home
FBS,657,Southern California,67,Boston College,9/14/2013,Home
FBS,657,Southern California,731,Utah St.,9/21/2013,Home
FBS,657,Southern California,28,Arizona St.,9/28/2013,Away
FBS,657,Southern California,29,Arizona,10/10/2013,Home
FBS,657,Southern California,513,Notre Dame,10/19/2013,Away
FBS,657,Southern California,732,Utah,10/26/2013,Home
FBS,657,Southern California,528,Oregon St.,11/1/2013,Away
FBS,657,Southern California,107,California,11/9/2013,Away
FBS,657,Southern California,674,Stanford,11/16/2013,Home
FBS,657,Southern California,157,Colorado,11/23/2013,Away
FBS,657,Southern California,110,UCLA,11/30/2013,Home
FBS,664,Southern Miss.,670,Texas St.,8/31/2013,Home
FBS,664,Southern Miss.,463,Nebraska,9/7/2013,Away
FBS,664,Southern Miss.,31,Arkansas,9/14/2013,Away
FBS,664,Southern Miss.,66,Boise St.,9/28/2013,Away
FBS,664,Southern Miss.,231,FIU,10/5/2013,Home
FBS,664,Southern Miss.,196,East Carolina,10/19/2013,Away
FBS,664,Southern Miss.,497,North Texas,10/26/2013,Home
FBS,664,Southern Miss.,388,Marshall,11/2/2013,Away
FBS,664,Southern Miss.,366,Louisiana Tech,11/9/2013,Away
FBS,664,Southern Miss.,229,Fla. Atlantic,11/16/2013,Home
FBS,664,Southern Miss.,419,Middle Tenn.,11/23/2013,Home
FBS,664,Southern Miss.,9,UAB,11/30/2013,Away
FBS,674,Stanford,630,San Jose St.,9/7/2013,Home
FBS,674,Stanford,725,Army,9/14/2013,Away
FBS,674,Stanford,28,Arizona St.,9/21/2013,Home
FBS,674,Stanford,754,Washington St.,9/28/2013,Away
FBS,674,Stanford,756,Washington,10/5/2013,Home
FBS,674,Stanford,732,Utah,10/12/2013,Away
FBS,674,Stanford,110,UCLA,10/19/2013,Home
FBS,674,Stanford,528,Oregon St.,10/26/2013,Away
FBS,674,Stanford,529,Oregon,11/7/2013,Home
FBS,674,Stanford,657,Southern California,11/16/2013,Away
FBS,674,Stanford,107,California,11/23/2013,Home
FBS,674,Stanford,513,Notre Dame,11/30/2013,Home
FBS,688,Syracuse,539,Penn St.,8/31/2013,Neutral
FBS,688,Syracuse,509,Northwestern,9/7/2013,Away
FBS,688,Syracuse,748,Wagner,9/14/2013,Home
FBS,688,Syracuse,718,Tulane,9/21/2013,Home
FBS,688,Syracuse,147,Clemson,10/5/2013,Home
FBS,688,Syracuse,490,North Carolina St.,10/12/2013,Away
FBS,688,Syracuse,255,Georgia Tech,10/19/2013,Away
FBS,688,Syracuse,749,Wake Forest,11/2/2013,Home
FBS,688,Syracuse,392,Maryland,11/9/2013,Away
FBS,688,Syracuse,234,Florida St.,11/16/2013,Away
FBS,688,Syracuse,545,Pittsburgh,11/23/2013,Home
FBS,688,Syracuse,67,Boston College,11/30/2013,Home
FBS,698,TCU,365,LSU,8/31/2013,Neutral
FBS,698,TCU,655,Southeastern La.,9/7/2013,Home
FBS,698,TCU,700,Texas Tech,9/12/2013,Away
FBS,698,TCU,663,SMU,9/28/2013,Home
FBS,698,TCU,522,Oklahoma,10/5/2013,Away
FBS,698,TCU,328,Kansas,10/12/2013,Home
FBS,698,TCU,521,Oklahoma St.,10/19/2013,Away
FBS,698,TCU,703,Texas,10/26/2013,Home
FBS,698,TCU,768,West Virginia,11/2/2013,Home
FBS,698,TCU,311,Iowa St.,11/9/2013,Away
FBS,698,TCU,327,Kansas St.,11/16/2013,Away
FBS,698,TCU,51,Baylor,11/30/2013,Home
FBS,690,Temple,513,Notre Dame,8/31/2013,Away
FBS,690,Temple,288,Houston,9/7/2013,Home
FBS,690,Temple,236,Fordham,9/14/2013,Home
FBS,690,Temple,295,Idaho,9/28/2013,Away
FBS,690,Temple,367,Louisville,10/5/2013,Home
FBS,690,Temple,140,Cincinnati,10/11/2013,Away
FBS,690,Temple,725,Army,10/19/2013,Home
FBS,690,Temple,663,SMU,10/26/2013,Away
FBS,690,Temple,587,Rutgers,11/2/2013,Away
FBS,690,Temple,128,UCF,11/16/2013,Home
FBS,690,Temple,164,Connecticut,11/23/2013,Home
FBS,690,Temple,404,Memphis,11/30/2013,Away
FBS,694,Tennessee,43,Austin Peay,8/31/2013,Home
FBS,694,Tennessee,772,Western Ky.,9/7/2013,Home
FBS,694,Tennessee,529,Oregon,9/14/2013,Away
FBS,694,Tennessee,235,Florida,9/21/2013,Away
FBS,694,Tennessee,646,South Ala.,9/28/2013,Home
FBS,694,Tennessee,257,Georgia,10/5/2013,Home
FBS,694,Tennessee,648,South Carolina,10/19/2013,Home
FBS,694,Tennessee,8,Alabama,10/26/2013,Away
FBS,694,Tennessee,434,Missouri,11/2/2013,Away
FBS,694,Tennessee,37,Auburn,11/9/2013,Home
FBS,694,Tennessee,736,Vanderbilt,11/23/2013,Home
FBS,694,Tennessee,334,Kentucky,11/30/2013,Away
FBS,703,Texas,472,New Mexico St.,8/31/2013,Home
FBS,703,Texas,77,BYU,9/7/2013,Away
FBS,703,Texas,433,Ole Miss,9/14/2013,Home
FBS,703,Texas,327,Kansas St.,9/21/2013,Home
FBS,703,Texas,311,Iowa St.,10/3/2013,Away
FBS,703,Texas,522,Oklahoma,10/12/2013,Neutral
FBS,703,Texas,698,TCU,10/26/2013,Away
FBS,703,Texas,328,Kansas,11/2/2013,Home
FBS,703,Texas,768,West Virginia,11/9/2013,Away
FBS,703,Texas,521,Oklahoma St.,11/16/2013,Home
FBS,703,Texas,700,Texas Tech,11/28/2013,Home
FBS,703,Texas,51,Baylor,12/7/2013,Away
FBS,697,Texas A&M,574,Rice,8/31/2013,Home
FBS,697,Texas A&M,624,Sam Houston St.,9/7/2013,Home
FBS,697,Texas A&M,8,Alabama,9/14/2013,Home
FBS,697,Texas A&M,663,SMU,9/21/2013,Home
FBS,697,Texas A&M,31,Arkansas,9/28/2013,Away
FBS,697,Texas A&M,433,Ole Miss,10/12/2013,Away
FBS,697,Texas A&M,37,Auburn,10/19/2013,Home
FBS,697,Texas A&M,736,Vanderbilt,10/26/2013,Home
FBS,697,Texas A&M,704,UTEP,11/2/2013,Home
FBS,697,Texas A&M,430,Mississippi St.,11/9/2013,Home
FBS,697,Texas A&M,365,LSU,11/23/2013,Away
FBS,697,Texas A&M,434,Missouri,11/30/2013,Away
FBS,700,Texas Tech,663,SMU,8/30/2013,Away
FBS,700,Texas Tech,676,Stephen F. Austin,9/7/2013,Home
FBS,700,Texas Tech,698,TCU,9/12/2013,Home
FBS,700,Texas Tech,670,Texas St.,9/21/2013,Home
FBS,700,Texas Tech,328,Kansas,10/5/2013,Away
FBS,700,Texas Tech,311,Iowa St.,10/12/2013,Home
FBS,700,Texas Tech,768,West Virginia,10/19/2013,Away
FBS,700,Texas Tech,522,Oklahoma,10/26/2013,Away
FBS,700,Texas Tech,521,Oklahoma St.,11/2/2013,Home
FBS,700,Texas Tech,327,Kansas St.,11/9/2013,Home
FBS,700,Texas Tech,51,Baylor,11/16/2013,Neutral
FBS,700,Texas Tech,703,Texas,11/28/2013,Away
FBS,709,Toledo,235,Florida,8/31/2013,Away
FBS,709,Toledo,434,Missouri,9/7/2013,Away
FBS,709,Toledo,207,Eastern Wash.,9/14/2013,Home
FBS,709,Toledo,129,Central Mich.,9/21/2013,Away
FBS,709,Toledo,47,Ball St.,9/28/2013,Away
FBS,709,Toledo,774,Western Mich.,10/5/2013,Home
FBS,709,Toledo,726,Navy,10/19/2013,Home
FBS,709,Toledo,71,Bowling Green,10/26/2013,Away
FBS,709,Toledo,204,Eastern Mich.,11/2/2013,Home
FBS,709,Toledo,86,Buffalo,11/12/2013,Home
FBS,709,Toledo,503,Northern Ill.,11/20/2013,Home
FBS,709,Toledo,5,Akron,11/29/2013,Away
FBS,716,Troy,9,UAB,8/31/2013,Home
FBS,716,Troy,632,Savannah St.,9/7/2013,Home
FBS,716,Troy,30,Arkansas St.,9/12/2013,Away
FBS,716,Troy,430,Mississippi St.,9/21/2013,Away
FBS,716,Troy,193,Duke,9/28/2013,Away
FBS,716,Troy,646,South Ala.,10/5/2013,Home
FBS,716,Troy,254,Georgia St.,10/12/2013,Away
FBS,716,Troy,772,Western Ky.,10/26/2013,Away
FBS,716,Troy,498,La.-Monroe,10/31/2013,Home
FBS,716,Troy,671,La.-Lafayette,11/7/2013,Away
FBS,716,Troy,433,Ole Miss,11/16/2013,Away
FBS,716,Troy,670,Texas St.,11/29/2013,Home
FBS,718,Tulane,314,Jackson St.,8/29/2013,Home
FBS,718,Tulane,646,South Ala.,9/7/2013,Home
FBS,718,Tulane,366,Louisiana Tech,9/12/2013,Away
FBS,718,Tulane,688,Syracuse,9/21/2013,Away
FBS,718,Tulane,498,La.-Monroe,9/28/2013,Away
FBS,718,Tulane,497,North Texas,10/5/2013,Home
FBS,718,Tulane,196,East Carolina,10/12/2013,Home
FBS,718,Tulane,719,Tulsa,10/26/2013,Home
FBS,718,Tulane,229,Fla. Atlantic,11/2/2013,Away
FBS,718,Tulane,706,UTSA,11/9/2013,Away
FBS,718,Tulane,704,UTEP,11/23/2013,Home
FBS,718,Tulane,574,Rice,11/30/2013,Away
FBS,719,Tulsa,71,Bowling Green,8/29/2013,Away
FBS,719,Tulsa,156,Colorado St.,9/7/2013,Home
FBS,719,Tulsa,522,Oklahoma,9/14/2013,Away
FBS,719,Tulsa,311,Iowa St.,9/26/2013,Home
FBS,719,Tulsa,574,Rice,10/5/2013,Home
FBS,719,Tulsa,704,UTEP,10/12/2013,Away
FBS,719,Tulsa,718,Tulane,10/26/2013,Away
FBS,719,Tulsa,706,UTSA,11/2/2013,Home
FBS,719,Tulsa,196,East Carolina,11/9/2013,Away
FBS,719,Tulsa,388,Marshall,11/14/2013,Home
FBS,719,Tulsa,366,Louisiana Tech,11/23/2013,Away
FBS,719,Tulsa,497,North Texas,11/30/2013,Home
FBS,9,UAB,716,Troy,8/31/2013,Away
FBS,9,UAB,365,LSU,9/7/2013,Away
FBS,9,UAB,508,Northwestern St.,9/21/2013,Home
FBS,9,UAB,736,Vanderbilt,9/28/2013,Away
FBS,9,UAB,229,Fla. Atlantic,10/5/2013,Home
FBS,9,UAB,231,FIU,10/12/2013,Away
FBS,9,UAB,706,UTSA,10/26/2013,Away
FBS,9,UAB,419,Middle Tenn.,11/2/2013,Home
FBS,9,UAB,388,Marshall,11/9/2013,Away
FBS,9,UAB,196,East Carolina,11/16/2013,Away
FBS,9,UAB,574,Rice,11/21/2013,Home
FBS,9,UAB,664,Southern Miss.,11/30/2013,Home
FBS,128,UCF,5,Akron,8/29/2013,Home
FBS,128,UCF,231,FIU,9/6/2013,Away
FBS,128,UCF,539,Penn St.,9/14/2013,Away
FBS,128,UCF,648,South Carolina,9/28/2013,Home
FBS,128,UCF,404,Memphis,10/5/2013,Away
FBS,128,UCF,367,Louisville,10/18/2013,Away
FBS,128,UCF,164,Connecticut,10/26/2013,Home
FBS,128,UCF,288,Houston,11/9/2013,Home
FBS,128,UCF,690,Temple,11/16/2013,Away
FBS,128,UCF,587,Rutgers,11/21/2013,Home
FBS,128,UCF,651,South Fla.,11/29/2013,Home
FBS,128,UCF,663,SMU,12/7/2013,Away
FBS,110,UCLA,466,Nevada,8/31/2013,Home
FBS,110,UCLA,463,Nebraska,9/14/2013,Away
FBS,110,UCLA,472,New Mexico St.,9/21/2013,Home
FBS,110,UCLA,732,Utah,10/3/2013,Away
FBS,110,UCLA,107,California,10/12/2013,Home
FBS,110,UCLA,674,Stanford,10/19/2013,Away
FBS,110,UCLA,529,Oregon,10/26/2013,Away
FBS,110,UCLA,157,Colorado,11/2/2013,Home
FBS,110,UCLA,29,Arizona,11/9/2013,Away
FBS,110,UCLA,756,Washington,11/15/2013,Home
FBS,110,UCLA,28,Arizona St.,11/23/2013,Home
FBS,110,UCLA,657,Southern California,11/30/2013,Away
FBS,465,UNLV,428,Minnesota,8/29/2013,Away
FBS,465,UNLV,29,Arizona,9/7/2013,Home
FBS,465,UNLV,129,Central Mich.,9/14/2013,Home
FBS,465,UNLV,771,Western Ill.,9/21/2013,Home
FBS,465,UNLV,473,New Mexico,9/28/2013,Away
FBS,465,UNLV,277,Hawaii,10/12/2013,Home
FBS,465,UNLV,96,Fresno St.,10/19/2013,Away
FBS,465,UNLV,466,Nevada,10/26/2013,Away
FBS,465,UNLV,630,San Jose St.,11/2/2013,Home
FBS,465,UNLV,731,Utah St.,11/9/2013,Home
FBS,465,UNLV,721,Air Force,11/21/2013,Away
FBS,465,UNLV,626,San Diego St.,11/30/2013,Home
FBS,704,UTEP,473,New Mexico,9/7/2013,Home
FBS,704,UTEP,472,New Mexico St.,9/14/2013,Away
FBS,704,UTEP,706,UTSA,9/21/2013,Home
FBS,704,UTEP,156,Colorado St.,9/28/2013,Away
FBS,704,UTEP,366,Louisiana Tech,10/5/2013,Home
FBS,704,UTEP,719,Tulsa,10/12/2013,Home
FBS,704,UTEP,574,Rice,10/26/2013,Away
FBS,704,UTEP,697,Texas A&M,11/2/2013,Away
FBS,704,UTEP,497,North Texas,11/9/2013,Away
FBS,704,UTEP,231,FIU,11/16/2013,Home
FBS,704,UTEP,718,Tulane,11/23/2013,Away
FBS,704,UTEP,419,Middle Tenn.,11/30/2013,Away
FBS,706,UTSA,473,New Mexico,8/31/2013,Away
FBS,706,UTSA,521,Oklahoma St.,9/7/2013,Home
FBS,706,UTSA,29,Arizona,9/14/2013,Away
FBS,706,UTSA,704,UTEP,9/21/2013,Away
FBS,706,UTSA,288,Houston,9/28/2013,Home
FBS,706,UTSA,388,Marshall,10/5/2013,Away
FBS,706,UTSA,574,Rice,10/12/2013,Home
FBS,706,UTSA,9,UAB,10/26/2013,Home
FBS,706,UTSA,719,Tulsa,11/2/2013,Away
FBS,706,UTSA,718,Tulane,11/9/2013,Home
FBS,706,UTSA,497,North Texas,11/23/2013,Away
FBS,706,UTSA,366,Louisiana Tech,11/30/2013,Home
FBS,732,Utah,731,Utah St.,8/29/2013,Home
FBS,732,Utah,758,Weber St.,9/7/2013,Home
FBS,732,Utah,528,Oregon St.,9/14/2013,Home
FBS,732,Utah,77,BYU,9/21/2013,Away
FBS,732,Utah,110,UCLA,10/3/2013,Home
FBS,732,Utah,674,Stanford,10/12/2013,Home
FBS,732,Utah,29,Arizona,10/19/2013,Away
FBS,732,Utah,657,Southern California,10/26/2013,Away
FBS,732,Utah,28,Arizona St.,11/9/2013,Home
FBS,732,Utah,529,Oregon,11/16/2013,Away
FBS,732,Utah,754,Washington St.,11/23/2013,Away
FBS,732,Utah,157,Colorado,11/30/2013,Home
FBS,731,Utah St.,732,Utah,8/29/2013,Away
FBS,731,Utah St.,721,Air Force,9/7/2013,Away
FBS,731,Utah St.,758,Weber St.,9/14/2013,Home
FBS,731,Utah St.,657,Southern California,9/21/2013,Away
FBS,731,Utah St.,630,San Jose St.,9/27/2013,Away
FBS,731,Utah St.,77,BYU,10/4/2013,Home
FBS,731,Utah St.,66,Boise St.,10/12/2013,Home
FBS,731,Utah St.,473,New Mexico,10/19/2013,Away
FBS,731,Utah St.,277,Hawaii,11/2/2013,Home
FBS,731,Utah St.,465,UNLV,11/9/2013,Away
FBS,731,Utah St.,156,Colorado St.,11/23/2013,Home
FBS,731,Utah St.,811,Wyoming,11/30/2013,Home
FBS,736,Vanderbilt,433,Ole Miss,8/29/2013,Home
FBS,736,Vanderbilt,43,Austin Peay,9/7/2013,Home
FBS,736,Vanderbilt,648,South Carolina,9/14/2013,Away
FBS,736,Vanderbilt,400,Massachusetts,9/21/2013,Away
FBS,736,Vanderbilt,9,UAB,9/28/2013,Home
FBS,736,Vanderbilt,434,Missouri,10/5/2013,Home
FBS,736,Vanderbilt,257,Georgia,10/19/2013,Home
FBS,736,Vanderbilt,697,Texas A&M,10/26/2013,Away
FBS,736,Vanderbilt,235,Florida,11/9/2013,Away
FBS,736,Vanderbilt,334,Kentucky,11/16/2013,Home
FBS,736,Vanderbilt,694,Tennessee,11/23/2013,Away
FBS,736,Vanderbilt,749,Wake Forest,11/30/2013,Home
FBS,746,Virginia,77,BYU,8/31/2013,Home
FBS,746,Virginia,529,Oregon,9/7/2013,Home
FBS,746,Virginia,741,VMI,9/21/2013,Home
FBS,746,Virginia,545,Pittsburgh,9/28/2013,Away
FBS,746,Virginia,47,Ball St.,10/5/2013,Home
FBS,746,Virginia,392,Maryland,10/12/2013,Away
FBS,746,Virginia,193,Duke,10/19/2013,Home
FBS,746,Virginia,255,Georgia Tech,10/26/2013,Home
FBS,746,Virginia,147,Clemson,11/2/2013,Home
FBS,746,Virginia,457,North Carolina,11/9/2013,Away
FBS,746,Virginia,415,Miami (FL),11/23/2013,Away
FBS,746,Virginia,742,Virginia Tech,11/30/2013,Home
FBS,742,Virginia Tech,8,Alabama,8/31/2013,Neutral
FBS,742,Virginia Tech,769,Western Caro.,9/7/2013,Home
FBS,742,Virginia Tech,196,East Carolina,9/14/2013,Away
FBS,742,Virginia Tech,388,Marshall,9/21/2013,Home
FBS,742,Virginia Tech,255,Georgia Tech,9/26/2013,Away
FBS,742,Virginia Tech,457,North Carolina,10/5/2013,Home
FBS,742,Virginia Tech,545,Pittsburgh,10/12/2013,Home
FBS,742,Virginia Tech,193,Duke,10/26/2013,Home
FBS,742,Virginia Tech,67,Boston College,11/2/2013,Away
FBS,742,Virginia Tech,415,Miami (FL),11/9/2013,Away
FBS,742,Virginia Tech,392,Maryland,11/16/2013,Home
FBS,742,Virginia Tech,746,Virginia,11/30/2013,Away
FBS,749,Wake Forest,1320,Presbyterian,8/29/2013,Home
FBS,749,Wake Forest,67,Boston College,9/6/2013,Away
FBS,749,Wake Forest,498,La.-Monroe,9/14/2013,Home
FBS,749,Wake Forest,725,Army,9/21/2013,Away
FBS,749,Wake Forest,147,Clemson,9/28/2013,Away
FBS,749,Wake Forest,490,North Carolina St.,10/5/2013,Home
FBS,749,Wake Forest,392,Maryland,10/19/2013,Home
FBS,749,Wake Forest,415,Miami (FL),10/26/2013,Away
FBS,749,Wake Forest,688,Syracuse,11/2/2013,Away
FBS,749,Wake Forest,234,Florida St.,11/9/2013,Home
FBS,749,Wake Forest,193,Duke,11/23/2013,Home
FBS,749,Wake Forest,736,Vanderbilt,11/30/2013,Away
FBS,756,Washington,66,Boise St.,8/31/2013,Home
FBS,756,Washington,301,Illinois,9/14/2013,Neutral
FBS,756,Washington,294,Idaho St.,9/21/2013,Home
FBS,756,Washington,29,Arizona,9/28/2013,Home
FBS,756,Washington,674,Stanford,10/5/2013,Away
FBS,756,Washington,529,Oregon,10/12/2013,Home
FBS,756,Washington,28,Arizona St.,10/19/2013,Away
FBS,756,Washington,107,California,10/26/2013,Home
FBS,756,Washington,157,Colorado,11/9/2013,Home
FBS,756,Washington,110,UCLA,11/15/2013,Away
FBS,756,Washington,528,Oregon St.,11/23/2013,Away
FBS,756,Washington,754,Washington St.,11/29/2013,Home
FBS,754,Washington St.,37,Auburn,8/31/2013,Away
FBS,754,Washington St.,657,Southern California,9/7/2013,Away
FBS,754,Washington St.,667,Southern Utah,9/14/2013,Home
FBS,754,Washington St.,295,Idaho,9/21/2013,Home
FBS,754,Washington St.,674,Stanford,9/28/2013,Home
FBS,754,Washington St.,107,California,10/5/2013,Away
FBS,754,Washington St.,528,Oregon St.,10/12/2013,Home
FBS,754,Washington St.,529,Oregon,10/19/2013,Away
FBS,754,Washington St.,28,Arizona St.,10/31/2013,Home
FBS,754,Washington St.,29,Arizona,11/16/2013,Away
FBS,754,Washington St.,732,Utah,11/23/2013,Home
FBS,754,Washington St.,756,Washington,11/29/2013,Away
FBS,768,West Virginia,786,William & Mary,8/31/2013,Home
FBS,768,West Virginia,522,Oklahoma,9/7/2013,Away
FBS,768,West Virginia,254,Georgia St.,9/14/2013,Home
FBS,768,West Virginia,392,Maryland,9/21/2013,Neutral
FBS,768,West Virginia,521,Oklahoma St.,9/28/2013,Home
FBS,768,West Virginia,51,Baylor,10/5/2013,Away
FBS,768,West Virginia,700,Texas Tech,10/19/2013,Home
FBS,768,West Virginia,327,Kansas St.,10/26/2013,Away
FBS,768,West Virginia,698,TCU,11/2/2013,Away
FBS,768,West Virginia,703,Texas,11/9/2013,Home
FBS,768,West Virginia,328,Kansas,11/16/2013,Away
FBS,768,West Virginia,311,Iowa St.,11/30/2013,Home
FBS,772,Western Ky.,334,Kentucky,8/31/2013,Neutral
FBS,772,Western Ky.,694,Tennessee,9/7/2013,Away
FBS,772,Western Ky.,646,South Ala.,9/14/2013,Away
FBS,772,Western Ky.,446,Morgan St.,9/21/2013,Home
FBS,772,Western Ky.,726,Navy,9/28/2013,Home
FBS,772,Western Ky.,498,La.-Monroe,10/3/2013,Away
FBS,772,Western Ky.,671,La.-Lafayette,10/15/2013,Home
FBS,772,Western Ky.,716,Troy,10/26/2013,Home
FBS,772,Western Ky.,254,Georgia St.,11/2/2013,Away
FBS,772,Western Ky.,725,Army,11/9/2013,Away
FBS,772,Western Ky.,670,Texas St.,11/23/2013,Away
FBS,772,Western Ky.,30,Arkansas St.,11/30/2013,Home
FBS,774,Western Mich.,416,Michigan St.,8/30/2013,Away
FBS,774,Western Mich.,483,Nicholls St.,9/7/2013,Home
FBS,774,Western Mich.,509,Northwestern,9/14/2013,Away
FBS,774,Western Mich.,312,Iowa,9/21/2013,Away
FBS,774,Western Mich.,331,Kent St.,9/28/2013,Home
FBS,774,Western Mich.,709,Toledo,10/5/2013,Away
FBS,774,Western Mich.,86,Buffalo,10/12/2013,Home
FBS,774,Western Mich.,47,Ball St.,10/19/2013,Home
FBS,774,Western Mich.,400,Massachusetts,10/26/2013,Away
FBS,774,Western Mich.,204,Eastern Mich.,11/9/2013,Away
FBS,774,Western Mich.,129,Central Mich.,11/16/2013,Home
FBS,774,Western Mich.,503,Northern Ill.,11/26/2013,Away
FBS,796,Wisconsin,400,Massachusetts,8/31/2013,Home
FBS,796,Wisconsin,692,Tennessee Tech,9/7/2013,Home
FBS,796,Wisconsin,28,Arizona St.,9/14/2013,Away
FBS,796,Wisconsin,559,Purdue,9/21/2013,Home
FBS,796,Wisconsin,518,Ohio St.,9/28/2013,Away
FBS,796,Wisconsin,509,Northwestern,10/12/2013,Home
FBS,796,Wisconsin,301,Illinois,10/19/2013,Away
FBS,796,Wisconsin,312,Iowa,11/2/2013,Away
FBS,796,Wisconsin,77,BYU,11/9/2013,Home
FBS,796,Wisconsin,306,Indiana,11/16/2013,Home
FBS,796,Wisconsin,428,Minnesota,11/23/2013,Away
FBS,796,Wisconsin,539,Penn St.,11/30/2013,Home
FBS,811,Wyoming,463,Nebraska,8/31/2013,Away
FBS,811,Wyoming,295,Idaho,9/7/2013,Home
FBS,811,Wyoming,502,Northern Colo.,9/14/2013,Home
FBS,811,Wyoming,721,Air Force,9/21/2013,Away
FBS,811,Wyoming,670,Texas St.,9/28/2013,Away
FBS,811,Wyoming,473,New Mexico,10/12/2013,Home
FBS,811,Wyoming,156,Colorado St.,10/19/2013,Home
FBS,811,Wyoming,630,San Jose St.,10/26/2013,Away
FBS,811,Wyoming,96,Fresno St.,11/9/2013,Home
FBS,811,Wyoming,66,Boise St.,11/16/2013,Away
FBS,811,Wyoming,277,Hawaii,11/23/2013,Home
FBS,811,Wyoming,731,Utah St.,11/30/2013,Away
FBS,,,,,,
